Id,Player,Nation,Pos,Team,Age,Born,Pj,Starts,Min,90s,Gls,Ast,GNP,GP,PS,CrdY,CrdR,Gls/Pj,Ast/Pj,G+A,GNP/Pj,G+A-P/Pj,Id_Team
0,Marcos Acuña,ARG,DF,Sevilla,31,1991,10,7,551,6.1,0,0,0,0,0,4,1,0.0,0.0,0.0,0.0,0.0,16
1,Álvaro Aguado,ESP,MF,Valladolid,26,1996,13,8,747,8.3,0,2,0,0,0,1,0,0.0,0.24,0.24,0.0,0.24,18
2,Joseph Aidoo,GHA,DF,Celta Vigo,27,1995,14,14,1260,14.0,1,0,1,0,0,2,0,0.07,0.0,0.07,0.07,0.07,6
3,Sergio Akieme,ESP,DF,Almeria,24,1997,14,14,1260,14.0,0,0,0,0,0,3,0,0.0,0.0,0.0,0.0,0.0,0
4,Paul Akouokou,CIV,MF,Betis,24,1997,6,2,238,2.6,0,0,0,0,0,2,0,0.0,0.0,0.0,0.0,0.0,4
5,David Alaba,AUT,DF,Real Madrid,30,1992,14,13,1165,12.9,1,3,1,0,0,3,0,0.08,0.23,0.31,0.08,0.31,14
6,Tomás Alarcón,CHI,MF,Cadiz,23,1999,4,2,223,2.5,0,0,0,0,0,2,1,0.0,0.0,0.0,0.0,0.0,5
7,Jordi Alba,ESP,DF,Barcelona,33,1989,10,7,682,7.6,0,1,0,0,0,2,0,0.0,0.13,0.13,0.0,0.13,3
8,Raúl Albiol,ESP,DF,Villarreal,37,1985,13,13,1159,12.9,0,0,0,0,0,4,0,0.0,0.0,0.0,0.0,0.0,19
9,Rubén Alcaraz,ESP,MF,Cadiz,31,1991,10,5,513,5.7,0,0,0,0,0,5,1,0.0,0.0,0.0,0.0,0.0,5
10,Omar Alderete,PAR,DF,Getafe,25,1996,2,1,135,1.5,0,0,0,0,0,1,0,0.0,0.0,0.0,0.0,0.0,9
11,Iván Alejo,ESP,"MF,FW",Cadiz,27,1995,12,8,657,7.3,0,1,0,0,0,5,0,0.0,0.14,0.14,0.0,0.14,5
12,Carles Aleñá,ESP,MF,Getafe,24,1998,13,13,1022,11.4,2,2,2,0,0,6,0,0.18,0.18,0.35,0.18,0.35,9
13,Alejandro Alfaro,ESP,MF,Elche,20,2002,1,0,15,0.2,0,0,0,0,0,0,0,0.0,0.0,0.0,0.0,0.0,7
14,Ángel Algobia,ESP,MF,Getafe,23,1999,8,4,362,4.0,0,0,0,0,0,2,0,0.0,0.0,0.0,0.0,0.0,9
15,Mohamed Ali Cho,FRA,FW,Real Sociedad,18,2004,7,2,243,2.7,0,2,0,0,0,1,0,0.0,0.74,0.74,0.0,0.74,15
16,Domingos André Ribeiro Almeida,POR,"MF,FW",Valencia,22,2000,11,8,706,7.8,2,2,2,0,0,0,0,0.25,0.25,0.51,0.25,0.51,17
17,Marcos Alonso,ESP,DF,Barcelona,31,1990,7,4,450,5.0,0,0,0,0,0,1,0,0.0,0.0,0.0,0.0,0.0,3
18,Gastón Álvarez,URU,DF,Getafe,22,2000,7,4,429,4.8,2,0,2,0,0,0,1,0.42,0.0,0.42,0.42,0.42,9
19,Yeray Álvarez,ESP,DF,Athletic Club,27,1995,12,12,1056,11.7,0,1,0,0,0,2,0,0.0,0.09,0.09,0.0,0.09,1
20,Amath,SEN,"MF,FW",Mallorca,26,1996,7,1,243,2.7,1,0,1,0,0,0,0,0.37,0.0,0.37,0.37,0.37,11
21,Jordan Amavi,FRA,DF,Getafe,28,1994,4,1,193,2.1,0,0,0,0,0,2,1,0.0,0.0,0.0,0.0,0.0,9
22,Fabrizio Angileri,ARG,DF,Getafe,28,1994,8,7,510,5.7,0,0,0,0,0,2,1,0.0,0.0,0.0,0.0,0.0,9
23,Anuar,MAR,"MF,FW",Valladolid,27,1995,3,3,210,2.3,1,0,1,0,0,1,0,0.43,0.0,0.43,0.43,0.43,18
24,Mauro Arambarri,URU,MF,Getafe,27,1995,6,6,511,5.7,0,1,0,0,0,2,1,0.0,0.18,0.18,0.0,0.18,9
25,Ronald Araújo,URU,DF,Barcelona,23,1999,6,6,510,5.7,0,0,0,0,0,2,0,0.0,0.0,0.0,0.0,0.0,3
26,Roberto Arroyo,ESP,MF,Valladolid,19,2003,1,0,15,0.2,0,0,0,0,0,0,0,0.0,0.0,0.0,0.0,0.0,18
27,Santiago Arzamendia,PAR,"MF,DF",Cadiz,24,1998,4,3,255,2.8,0,0,0,0,0,0,0,0.0,0.0,0.0,0.0,0.0,5
28,Sergio Asenjo,ESP,GK,Valladolid,33,1989,5,5,450,5.0,0,0,0,0,0,0,0,0.0,0.0,0.0,0.0,0.0,18
29,Marco Asensio,ESP,"MF,FW",Real Madrid,26,1996,9,1,186,2.1,1,2,1,0,0,0,0,0.48,0.97,1.45,0.48,1.45,14
30,Iago Aspas,ESP,FW,Celta Vigo,35,1987,14,12,1122,12.5,7,2,6,1,2,3,0,0.56,0.16,0.72,0.48,0.64,6
31,Pierre-Emerick Aubameyang,GAB,FW,Barcelona,33,1989,1,0,9,0.1,0,0,0,0,0,0,0,0.0,0.0,0.0,0.0,0.0,3
32,Ezequiel Ávila,ARG,"FW,MF",Osasuna,28,1994,13,11,838,9.3,6,1,4,2,3,3,1,0.64,0.11,0.75,0.43,0.54,12
33,Iddrisu Baba,GHA,MF,Mallorca,26,1996,11,6,547,6.1,0,0,0,0,0,2,0,0.0,0.0,0.0,0.0,0.0,11
34,Srđan Babić,SRB,DF,Almeria,26,1996,13,12,1125,12.5,1,0,1,0,0,1,0,0.08,0.0,0.08,0.08,0.08,0
35,Édgar Badía,ESP,GK,Elche,30,1992,14,14,1260,14.0,0,0,0,0,0,2,0,0.0,0.0,0.0,0.0,0.0,7
36,Alex Baena,ESP,"MF,FW",Villarreal,21,2001,13,5,630,7.0,4,0,4,0,0,6,1,0.57,0.0,0.57,0.57,0.57,19
37,Alejandro Balde,ESP,DF,Barcelona,19,2003,12,12,968,10.8,0,3,0,0,0,2,0,0.0,0.28,0.28,0.0,0.28,3
38,Mikel Balenziaga,ESP,DF,Athletic Club,34,1988,1,0,45,0.5,0,0,0,0,0,0,0,0.0,0.0,0.0,0.0,0.0,1
39,Iván Balliu,ALB,DF,Rayo Vallecano,30,1992,14,14,1260,14.0,0,0,0,0,0,2,0,0.0,0.0,0.0,0.0,0.0,13
40,Léo Baptistão,BRA,"FW,MF",Almeria,30,1992,11,8,564,6.3,2,1,2,0,0,3,0,0.32,0.16,0.48,0.32,0.48,0
41,Keidi Bare,ALB,MF,Espanyol,25,1997,11,3,330,3.7,0,0,0,0,0,0,0,0.0,0.0,0.0,0.0,0.0,8
42,Kike Barja,ESP,"MF,FW",Osasuna,25,1997,7,3,287,3.2,1,0,1,0,0,0,0,0.31,0.0,0.31,0.31,0.31,12
43,Ander Barrenetxea,ESP,FW,Real Sociedad,20,2001,4,0,62,0.7,0,0,0,0,0,1,0,0.0,0.0,0.0,0.0,0.0,15
44,Pablo Barrios,ESP,MF,Atletico Madrid,19,2003,1,0,19,0.2,0,0,0,0,0,0,0,0.0,0.0,0.0,0.0,0.0,2
45,Rodrigo Battaglia,ARG,MF,Mallorca,31,1991,11,7,592,6.6,0,0,0,0,0,5,0,0.0,0.0,0.0,0.0,0.0,11
46,Bebé,CPV,FW,Rayo Vallecano,32,1990,4,0,60,0.7,0,0,0,0,0,1,0,0.0,0.0,0.0,0.0,0.0,13
47,Héctor Bellerín,ESP,DF,Barcelona,27,1995,3,1,143,1.6,0,0,0,0,0,0,0,0.0,0.0,0.0,0.0,0.0,3
48,Fran Beltrán,ESP,MF,Celta Vigo,23,1999,14,13,1123,12.5,0,1,0,0,0,1,0,0.0,0.08,0.08,0.0,0.08,6
49,Karim Benzema,FRA,FW,Real Madrid,34,1987,7,7,627,7.0,5,1,4,1,2,0,0,0.72,0.14,0.86,0.57,0.72,14
50,Yuri Berchiche,ESP,DF,Athletic Club,32,1990,6,5,440,4.9,0,0,0,0,0,2,0,0.0,0.0,0.0,0.0,0.0,1
51,Álex Berenguer,ESP,FW,Athletic Club,27,1995,13,12,1026,11.4,3,1,3,0,0,0,0,0.26,0.09,0.35,0.26,0.35,1
52,Pedro Bigas,ESP,DF,Elche,32,1990,13,12,969,10.8,0,0,0,0,0,3,0,0.0,0.0,0.0,0.0,0.0,7
53,El Bilal Touré,MLI,FW,Almeria,21,2001,8,7,568,6.3,3,1,3,0,0,0,0,0.48,0.16,0.63,0.48,0.63,0
54,Blanco,ESP,MF,Cadiz,22,2000,3,2,158,1.8,0,0,0,0,0,0,0,0.0,0.0,0.0,0.0,0.0,5
55,Theo Bongonda,COD,MF,Cadiz,26,1995,9,5,446,5.0,1,0,1,0,0,0,0,0.2,0.0,0.2,0.2,0.2,5
56,Wassim Boullif,ESP,"DF,MF",Espanyol,17,2005,3,0,69,0.8,0,0,0,0,0,0,0,0.0,0.0,0.0,0.0,0.0,8
57,Yassine Bounou,MAR,GK,Sevilla,31,1991,12,12,1035,11.5,0,0,0,0,0,2,0,0.0,0.0,0.0,0.0,0.0,16
58,Lucas Boyé,ARG,FW,Elche,26,1996,12,9,730,8.1,1,2,1,0,1,2,1,0.12,0.25,0.37,0.12,0.37,7
59,Martin Braithwaite,DEN,"FW,MF",Espanyol,31,1991,9,9,699,7.8,3,1,3,0,0,2,1,0.39,0.13,0.52,0.39,0.52,8
60,Juan Brandáriz,ESP,DF,Almeria,23,1999,7,4,388,4.3,0,0,0,0,0,1,0,0.0,0.0,0.0,0.0,0.0,0
61,Darko Brašanac,SRB,MF,Osasuna,30,1992,12,4,485,5.4,1,1,1,0,0,3,0,0.19,0.19,0.37,0.19,0.37,12
62,Claudio Bravo,CHI,GK,Betis,39,1983,2,2,180,2.0,0,0,0,0,0,1,0,0.0,0.0,0.0,0.0,0.0,4
63,Ante Budimir,CRO,FW,Osasuna,31,1991,11,7,554,6.2,1,0,1,0,0,1,0,0.16,0.0,0.16,0.16,0.16,12
64,Santiago Bueno,URU,DF,Girona,24,1998,14,14,1260,14.0,0,1,0,0,0,2,0,0.0,0.07,0.07,0.0,0.07,10
65,Sergio Busquets,ESP,MF,Barcelona,34,1988,12,11,906,10.1,0,1,0,0,0,6,1,0.0,0.1,0.1,0.0,0.1,3
66,Leandro Cabrera,URU,DF,Espanyol,31,1991,13,13,1107,12.3,0,0,0,0,0,1,1,0.0,0.0,0.0,0.0,0.0,8
67,Cala,ESP,DF,Cadiz,32,1989,3,1,137,1.5,0,0,0,0,0,0,0,0.0,0.0,0.0,0.0,0.0,5
68,Fernando Calero,ESP,DF,Espanyol,27,1995,12,10,873,9.7,0,0,0,0,0,1,0,0.0,0.0,0.0,0.0,0.0,8
69,Eduardo Camavinga,FRA,MF,Real Madrid,20,2002,14,5,511,5.7,0,0,0,0,0,1,0,0.0,0.0,0.0,0.0,0.0,14
70,Sergio Camello,ESP,FW,Rayo Vallecano,21,2001,14,11,934,10.4,2,2,2,0,0,0,0,0.19,0.19,0.39,0.19,0.39,13
71,Sergio Canales,ESP,"MF,FW",Betis,31,1991,11,9,856,9.5,1,0,1,0,0,4,1,0.11,0.0,0.11,0.11,0.11,4
72,Ander Capa,ESP,FW,Athletic Club,30,1992,1,0,1,0.0,0,0,0,0,0,0,0,0.0,0.0,0.0,0.0,0.0,1
73,Étienne Capoue,FRA,MF,Villarreal,34,1988,10,10,836,9.3,0,0,0,0,0,1,0,0.0,0.0,0.0,0.0,0.0,19
74,Isaac Carcelen,ESP,DF,Cadiz,29,1993,7,5,452,5.0,0,0,0,0,0,0,2,0.0,0.0,0.0,0.0,0.0,5
75,Juan Carlos,ESP,GK,Girona,34,1988,10,10,900,10.0,0,0,0,0,0,0,0,0.0,0.0,0.0,0.0,0.0,10
76,José Carlos Lazo,ESP,"MF,FW",Almeria,26,1996,1,0,20,0.2,0,0,0,0,0,0,0,0.0,0.0,0.0,0.0,0.0,0
77,José Carlos Lazo,ESP,"MF,FW",Espanyol,26,1996,7,0,117,1.3,1,0,1,0,0,0,0,0.77,0.0,0.77,0.77,0.77,8
78,Carmona,ESP,DF,Sevilla,20,2002,9,4,442,4.9,2,1,2,0,0,4,0,0.41,0.2,0.61,0.41,0.61,16
79,Yannick Carrasco,BEL,"DF,FW",Atletico Madrid,29,1993,13,8,739,8.2,1,0,1,0,0,1,0,0.12,0.0,0.12,0.12,0.12,2
80,Dani Carvajal,ESP,DF,Real Madrid,30,1992,12,10,872,9.7,0,1,0,0,0,3,0,0.0,0.1,0.1,0.0,0.1,14
81,William Carvalho,POR,MF,Betis,30,1992,13,12,926,10.3,2,1,2,0,0,3,0,0.19,0.1,0.29,0.19,0.29,4
82,Casals,ESP,MF,Girona,17,2005,2,0,12,0.1,0,0,0,0,0,0,0,0.0,0.0,0.0,0.0,0.0,10
83,Casemiro,BRA,MF,Real Madrid,30,1992,1,0,8,0.1,0,0,0,0,0,0,0,0.0,0.0,0.0,0.0,0.0,14
84,Valentín Castellanos,ARG,FW,Girona,24,1998,14,14,1112,12.4,3,0,3,0,0,4,0,0.24,0.0,0.24,0.24,0.24,10
85,Samu Castillejo,ESP,FW,Valencia,27,1995,10,8,612,6.8,2,0,2,0,0,4,0,0.29,0.0,0.29,0.29,0.29,17
86,Catena,ESP,DF,Rayo Vallecano,28,1994,14,14,1260,14.0,1,1,1,0,0,5,0,0.07,0.07,0.14,0.07,0.14,13
87,Edinson Cavani,URU,FW,Valencia,35,1987,7,7,430,4.8,4,1,2,2,3,0,0,0.84,0.21,1.05,0.42,0.63,17
88,Dani Ceballos,ESP,MF,Real Madrid,26,1996,8,2,178,2.0,0,1,0,0,0,1,0,0.0,0.51,0.51,0.0,0.51,14
89,Franco Cervi,ARG,MF,Celta Vigo,28,1994,13,12,1017,11.3,0,2,0,0,0,0,1,0.0,0.18,0.18,0.0,0.18,6
90,Pep Chavarría,ESP,"FW,DF",Rayo Vallecano,24,1998,5,0,66,0.7,0,0,0,0,0,1,0,0.0,0.0,0.0,0.0,0.0,13
91,Andreas Christensen,DEN,DF,Barcelona,26,1996,5,4,318,3.5,0,0,0,0,0,1,0,0.0,0.0,0.0,0.0,0.0,3
92,Samuel Chukwueze,NGA,"FW,MF",Villarreal,23,1999,13,5,538,6.0,0,1,0,0,0,1,0,0.0,0.17,0.17,0.0,0.17,19
93,Víctor Chust,ESP,DF,Cadiz,22,2000,11,9,851,9.5,1,0,1,0,0,3,0,0.11,0.0,0.11,0.11,0.11,5
94,Pathé Ciss,SEN,"MF,DF",Rayo Vallecano,28,1994,13,6,643,7.1,1,0,1,0,0,3,0,0.14,0.0,0.14,0.14,0.14,13
95,Carlos Clerc,ESP,DF,Elche,30,1992,10,10,862,9.6,0,1,0,0,0,1,0,0.0,0.1,0.1,0.0,0.1,7
96,Álex Collado,ESP,"MF,FW",Elche,23,1999,8,8,514,5.7,1,1,1,0,0,0,0,0.18,0.18,0.35,0.18,0.35,7
97,Eray Cömert,SUI,DF,Valencia,24,1998,11,10,871,9.7,1,0,1,0,0,3,1,0.1,0.0,0.1,0.1,0.1,17
98,Santi Comesaña,ESP,MF,Rayo Vallecano,26,1996,12,8,728,8.1,1,0,1,0,0,2,0,0.12,0.0,0.12,0.12,0.12,13
99,Copete,ESP,DF,Mallorca,23,1999,12,12,997,11.1,0,0,0,0,0,3,0,0.0,0.0,0.0,0.0,0.0,11
100,Francis Coquelin,FRA,MF,Villarreal,31,1991,11,6,523,5.8,1,0,1,0,0,2,0,0.17,0.0,0.17,0.17,0.17,19
101,Jesús Corona,MEX,FW,Sevilla,29,1993,1,1,62,0.7,0,0,0,0,0,0,0,0.0,0.0,0.0,0.0,0.0,16
102,Ángel Correa,ARG,"FW,MF",Atletico Madrid,27,1995,14,4,513,5.7,3,0,3,0,0,1,0,0.53,0.0,0.53,0.53,0.53,2
103,Thierry Correia,POR,DF,Valencia,23,1999,14,14,1211,13.5,0,0,0,0,0,3,0,0.0,0.0,0.0,0.0,0.0,17
104,Jaume Costa,ESP,DF,Mallorca,34,1988,11,11,964,10.7,0,1,0,0,0,4,0,0.0,0.09,0.09,0.0,0.09,11
105,Samu Costa,POR,MF,Almeria,21,2000,11,8,768,8.5,0,0,0,0,0,3,0,0.0,0.0,0.0,0.0,0.0,0
106,Thibaut Courtois,BEL,GK,Real Madrid,30,1992,10,10,900,10.0,0,0,0,0,0,0,0,0.0,0.0,0.0,0.0,0.0,14
107,Yan Couto,BRA,"DF,FW",Girona,20,2002,10,5,506,5.6,0,0,0,0,0,1,0,0.0,0.0,0.0,0.0,0.0,10
108,Juan Cruz Armada,ESP,DF,Osasuna,30,1992,13,11,1006,11.2,0,0,0,0,0,4,0,0.0,0.0,0.0,0.0,0.0,12
109,Juan Cruz,ESP,FW,Betis,22,2000,5,1,174,1.9,1,0,1,0,0,0,0,0.52,0.0,0.52,0.52,0.52,4
110,Jorge Cuenca,ESP,DF,Villarreal,22,1999,2,1,95,1.1,0,0,0,0,0,0,0,0.0,0.0,0.0,0.0,0.0,19
111,Braian Cufré,ARG,DF,Mallorca,25,1996,3,2,194,2.2,0,0,0,0,0,0,0,0.0,0.0,0.0,0.0,0.0,11
112,Matheus Cunha,BRA,"FW,MF",Atletico Madrid,23,1999,11,2,377,4.2,0,2,0,0,0,2,0,0.0,0.48,0.48,0.0,0.48,2
113,Curro,ESP,MF,Almeria,26,1996,2,0,43,0.5,0,0,0,0,0,1,0,0.0,0.0,0.0,0.0,0.0,0
114,Sergi Darder,ESP,MF,Espanyol,28,1993,14,14,1233,13.7,2,1,2,0,0,2,0,0.15,0.07,0.22,0.15,0.22,8
115,Rodrigo De Paul,ARG,MF,Atletico Madrid,28,1994,12,9,670,7.4,1,1,1,0,0,2,0,0.13,0.13,0.27,0.13,0.27,2
116,Alberto Del Moral,ESP,MF,Villarreal,22,2000,1,0,5,0.1,0,0,0,0,0,0,0,0.0,0.0,0.0,0.0,0.0,19
117,Thomas Delaney,DEN,MF,Sevilla,31,1991,8,2,309,3.4,0,0,0,0,0,3,0,0.0,0.0,0.0,0.0,0.0,16
118,Fran Delgado,ESP,DF,Betis,21,2001,1,0,12,0.1,0,0,0,0,0,0,0,0.0,0.0,0.0,0.0,0.0,4
119,Ousmane Dembélé,FRA,FW,Barcelona,25,1997,14,11,866,9.6,4,5,4,0,0,3,0,0.42,0.52,0.94,0.42,0.94,3
120,Memphis Depay,NED,FW,Barcelona,28,1994,2,2,114,1.3,1,0,1,0,0,0,0,0.79,0.0,0.79,0.79,0.79,3
121,Mouctar Diakhaby,GUI,DF,Valencia,25,1996,10,10,791,8.8,2,0,2,0,0,5,1,0.23,0.0,0.23,0.23,0.23,17
122,Mamady Diarra,MLI,"MF,DF",Cadiz,22,2000,2,1,66,0.7,0,0,0,0,0,0,0,0.0,0.0,0.0,0.0,0.0,5
123,Stole Dimitrievski,MKD,GK,Rayo Vallecano,28,1993,13,13,1170,13.0,0,0,0,0,0,3,0,0.0,0.0,0.0,0.0,0.0,13
124,Malcom Abdulai Ares Djalo,ESP,FW,Athletic Club,21,2001,1,0,5,0.1,0,0,0,0,0,0,0,0.0,0.0,0.0,0.0,0.0,1
125,Djené,TOG,DF,Getafe,30,1991,12,12,1002,11.1,0,0,0,0,0,4,0,0.0,0.0,0.0,0.0,0.0,9
126,Marko Dmitrović,SRB,GK,Sevilla,30,1992,3,2,225,2.5,0,0,0,0,0,1,0,0.0,0.0,0.0,0.0,0.0,16
127,Kasper Dolberg,DEN,FW,Sevilla,25,1997,4,2,197,2.2,0,1,0,0,0,0,0,0.0,0.46,0.46,0.0,0.46,16
128,Carlos Dominguez,ESP,MF,Celta Vigo,21,2001,1,0,1,0.0,0,0,0,0,0,0,0,0.0,0.0,0.0,0.0,0.0,6
129,John Donald,ESP,DF,Elche,22,2000,3,2,150,1.7,0,0,0,0,0,0,1,0.0,0.0,0.0,0.0,0.0,7
130,Domingos Duarte,POR,DF,Getafe,27,1995,13,13,1125,12.5,0,2,0,0,0,5,0,0.0,0.16,0.16,0.0,0.16,9
131,Pablo Durán,ESP,"MF,DF",Celta Vigo,21,2001,3,0,29,0.3,0,0,0,0,0,0,0,0.0,0.0,0.0,0.0,0.0,6
132,Hugo Duro,ESP,FW,Valencia,23,1999,10,4,391,4.3,1,0,1,0,0,0,0,0.23,0.0,0.23,0.23,0.23,17
133,Íñigo Eguaras,ESP,MF,Almeria,30,1992,11,6,495,5.5,1,1,1,0,0,2,0,0.18,0.18,0.36,0.18,0.36,0
134,Aritz Elustondo,ESP,DF,Real Sociedad,28,1994,11,7,618,6.9,0,0,0,0,0,3,1,0.0,0.0,0.0,0.0,0.0,15
135,Rodrigo Ely,BRA,DF,Almeria,29,1993,14,14,1233,13.7,0,0,0,0,0,4,1,0.0,0.0,0.0,0.0,0.0,0
136,Adri Embarba,ESP,"FW,MF",Almeria,30,1992,9,5,423,4.7,1,3,1,0,0,4,1,0.21,0.64,0.85,0.21,0.85,0
137,Adri Embarba,ESP,FW,Espanyol,30,1992,1,0,35,0.4,0,0,0,0,0,0,0,0.0,0.0,0.0,0.0,0.0,8
138,Youssef En-Nesyri,MAR,"FW,MF",Sevilla,25,1997,10,2,362,4.0,0,0,0,0,0,1,0,0.0,0.0,0.0,0.0,0.0,16
139,Sergio Escudero,ESP,DF,Valladolid,33,1989,9,9,709,7.9,0,0,0,0,0,2,0,0.0,0.0,0.0,0.0,0.0,18
140,Alfonso Espino,URU,DF,Cadiz,30,1992,14,13,1142,12.7,0,3,0,0,0,3,0,0.0,0.24,0.24,0.0,0.24,5
141,Bernardo Espinosa,COL,DF,Girona,33,1989,8,6,499,5.5,0,1,0,0,0,2,0,0.0,0.18,0.18,0.0,0.18,10
142,Edu Expósito,ESP,MF,Espanyol,26,1996,13,10,772,8.6,2,2,2,0,0,0,0,0.23,0.23,0.47,0.23,0.47,8
143,Nicolás Ezequiel Fernández,ARG,"MF,DF",Elche,22,2000,8,2,294,3.3,0,0,0,0,0,2,0,0.0,0.0,0.0,0.0,0.0,7
144,Abdessamad Ezzalzouli,MAR,"MF,FW",Osasuna,20,2001,8,4,313,3.5,0,2,0,0,0,1,0,0.0,0.58,0.58,0.0,0.58,12
145,Radamel Falcao,COL,"FW,MF",Rayo Vallecano,36,1986,12,3,404,4.5,2,0,1,1,1,2,0,0.45,0.0,0.45,0.22,0.22,13
146,Fali,ESP,"DF,MF",Cadiz,29,1993,8,7,556,6.2,0,0,0,0,0,2,0,0.0,0.0,0.0,0.0,0.0,5
147,Ansu Fati,ESP,FW,Barcelona,20,2002,14,3,469,5.2,3,3,3,0,0,0,0,0.58,0.58,1.15,0.58,1.15,3
148,Zouhair Feddal,MAR,DF,Valladolid,33,1989,7,4,349,3.9,0,0,0,0,0,1,0,0.0,0.0,0.0,0.0,0.0,18
149,Nabil Fekir,FRA,"MF,FW",Betis,29,1993,8,6,426,4.7,1,1,1,0,0,4,1,0.21,0.21,0.42,0.21,0.42,4
150,Felipe,BRA,DF,Atletico Madrid,33,1989,2,2,180,2.0,0,0,0,0,0,0,0,0.0,0.0,0.0,0.0,0.0,2
151,Luiz Felipe,ITA,DF,Betis,25,1997,7,6,414,4.6,0,0,0,0,0,0,1,0.0,0.0,0.0,0.0,0.0,4
152,João Félix,POR,FW,Atletico Madrid,23,1999,12,5,513,5.7,3,3,3,0,0,5,0,0.53,0.53,1.05,0.53,1.05,2
153,Kiko Femenía,ESP,DF,Villarreal,31,1991,11,9,847,9.4,0,0,0,0,0,0,0,0.0,0.0,0.0,0.0,0.0,19
154,Aitor Fernández,ESP,GK,Osasuna,31,1991,4,4,360,4.0,0,0,0,0,0,1,0,0.0,0.0,0.0,0.0,0.0,12
155,Álex Fernández,ESP,"MF,FW",Cadiz,30,1992,12,8,699,7.8,2,0,2,0,0,0,0,0.26,0.0,0.26,0.26,0.26,5
156,Álvaro Fernández,ESP,GK,Espanyol,24,1998,4,4,360,4.0,0,0,0,0,0,0,0,0.0,0.0,0.0,0.0,0.0,8
157,Carlos Fernández,ESP,FW,Real Sociedad,26,1996,7,4,232,2.6,0,0,0,0,0,1,0,0.0,0.0,0.0,0.0,0.0,15
158,Federico Fernández,ARG,DF,Elche,33,1989,1,1,90,1.0,0,0,0,0,0,0,0,0.0,0.0,0.0,0.0,0.0,7
159,Joaquín Fernández,ESP,DF,Valladolid,26,1996,12,10,955,10.6,1,0,1,0,0,2,0,0.09,0.0,0.09,0.09,0.09,18
160,Fernando,ESP,GK,Almeria,32,1990,13,13,1170,13.0,0,0,0,0,0,1,0,0.0,0.0,0.0,0.0,0.0,0
161,Fernando,BRA,"MF,DF",Sevilla,35,1987,6,6,495,5.5,0,0,0,0,0,2,0,0.0,0.0,0.0,0.0,0.0,16
162,Fidel,ESP,"MF,FW",Elche,33,1989,4,2,165,1.8,0,0,0,0,0,1,0,0.0,0.0,0.0,0.0,0.0,7
163,Dimitri Foulquier,FRA,"DF,MF",Valencia,29,1993,9,2,287,3.2,0,1,0,0,0,2,0,0.0,0.31,0.31,0.0,0.31,17
164,Juan Foyth,ARG,DF,Villarreal,24,1998,4,3,248,2.8,0,0,0,0,0,0,0,0.0,0.0,0.0,0.0,0.0,19
165,Iván Fresneda,ESP,DF,Valladolid,18,2004,6,4,468,5.2,0,0,0,0,0,0,0,0.0,0.0,0.0,0.0,0.0,18
166,Javi Galán,ESP,DF,Celta Vigo,27,1994,14,14,1255,13.9,0,1,0,0,0,2,0,0.0,0.07,0.07,0.0,0.07,6
167,Iñigo Ruiz de Galarreta,ESP,MF,Mallorca,29,1993,12,10,854,9.5,0,0,0,0,0,5,0,0.0,0.0,0.0,0.0,0.0,11
168,Aleix García,ESP,MF,Girona,25,1997,14,14,1245,13.8,0,3,0,0,0,1,0,0.0,0.22,0.22,0.0,0.22,10
169,Álvaro García,ESP,FW,Rayo Vallecano,30,1992,13,13,1095,12.2,3,1,3,0,0,2,0,0.25,0.08,0.33,0.25,0.33,13
170,Dani García,ESP,MF,Athletic Club,32,1990,8,4,363,4.0,0,1,0,0,0,1,0,0.0,0.25,0.25,0.0,0.25,1
171,David García,ESP,DF,Osasuna,28,1994,12,12,1039,11.5,1,0,1,0,0,6,1,0.09,0.0,0.09,0.09,0.09,12
172,Eric García,ESP,DF,Barcelona,21,2001,9,8,608,6.8,1,0,1,0,0,2,0,0.15,0.0,0.15,0.15,0.15,3
173,Francisco Garcia,ESP,DF,Rayo Vallecano,23,1999,14,14,1259,14.0,0,2,0,0,0,0,0,0.0,0.14,0.14,0.0,0.14,13
174,Raúl García,ESP,"MF,FW",Athletic Club,36,1986,13,2,355,3.9,1,1,1,0,0,1,0,0.25,0.25,0.51,0.25,0.51,1
175,Rubén García,ESP,MF,Osasuna,29,1993,11,4,425,4.7,1,2,1,0,0,2,0,0.21,0.42,0.64,0.21,0.64,12
176,Unai García,ESP,DF,Osasuna,30,1992,13,13,1116,12.4,0,1,0,0,0,4,1,0.0,0.08,0.08,0.0,0.08,12
177,Sékou Gassama,SEN,FW,Valladolid,27,1995,1,0,36,0.4,0,0,0,0,0,0,0,0.0,0.0,0.0,0.0,0.0,18
178,Gavi,ESP,MF,Barcelona,18,2004,14,9,803,8.9,0,1,0,0,0,2,0,0.0,0.11,0.11,0.0,0.11,3
179,Paulo Gazzaniga,ARG,GK,Girona,30,1992,4,4,360,4.0,0,0,0,0,0,1,0,0.0,0.0,0.0,0.0,0.0,10
180,Óscar Gil,ESP,DF,Espanyol,24,1998,11,10,868,9.6,0,1,0,0,0,4,0,0.0,0.1,0.1,0.0,0.1,8
181,Álvaro Giménez,ESP,FW,Cadiz,31,1991,1,0,17,0.2,0,0,0,0,0,0,0,0.0,0.0,0.0,0.0,0.0,5
182,Dani Gómez,ESP,"MF,FW",Espanyol,24,1998,6,0,66,0.7,0,0,0,0,0,2,0,0.0,0.0,0.0,0.0,0.0,8
183,Maxi Gómez,URU,FW,Valencia,26,1996,3,0,108,1.2,0,0,0,0,0,0,0,0.0,0.0,0.0,0.0,0.0,17
184,Moi Gómez,ESP,"MF,FW",Osasuna,28,1994,14,14,1139,12.7,1,1,1,0,0,2,0,0.08,0.08,0.16,0.08,0.16,12
185,Papu Gómez,ARG,"FW,MF",Sevilla,34,1988,12,6,650,7.2,0,1,0,0,0,4,0,0.0,0.14,0.14,0.0,0.14,16
186,Sergi Gómez,ESP,DF,Espanyol,30,1992,11,10,895,9.9,0,0,0,0,0,0,1,0.0,0.0,0.0,0.0,0.0,8
187,Diego González,ESP,DF,Elche,27,1995,6,2,327,3.6,0,0,0,0,0,2,0,0.0,0.0,0.0,0.0,0.0,7
188,Édgar González,ESP,DF,Betis,25,1997,11,9,845,9.4,0,0,0,0,0,4,1,0.0,0.0,0.0,0.0,0.0,4
189,Giovanni González,URU,DF,Mallorca,28,1994,5,3,344,3.8,0,2,0,0,0,3,0,0.0,0.52,0.52,0.0,0.52,11
190,Nicolás González,ESP,MF,Valencia,20,2002,12,5,517,5.7,1,0,1,0,0,1,0,0.17,0.0,0.17,0.17,0.17,17
191,Roberto González,ESP,"FW,MF",Betis,21,2001,2,0,54,0.6,0,0,0,0,0,1,0,0.0,0.0,0.0,0.0,0.0,4
192,Andoni Gorosabel,ESP,DF,Real Sociedad,26,1996,11,8,713,7.9,0,0,0,0,0,2,0,0.0,0.0,0.0,0.0,0.0,15
193,Ivo Grbić,CRO,GK,Atletico Madrid,26,1996,4,2,208,2.3,0,0,0,0,0,1,0,0.0,0.0,0.0,0.0,0.0,2
194,Clément Grenier,FRA,MF,Mallorca,31,1991,10,4,404,4.5,0,0,0,0,0,6,0,0.0,0.0,0.0,0.0,0.0,11
195,Antoine Griezmann,FRA,"FW,MF",Atletico Madrid,31,1991,14,7,773,8.6,5,3,5,0,0,0,0,0.58,0.35,0.93,0.58,0.93,2
196,Arnaut Groeneveld,NED,FW,Villarreal,25,1997,9,6,476,5.3,2,0,1,1,1,0,0,0.38,0.0,0.38,0.19,0.19,19
197,Andrés Guardado,MEX,"MF,FW",Betis,36,1986,8,3,303,3.4,0,0,0,0,0,2,0,0.0,0.0,0.0,0.0,0.0,4
198,Sergi Guardiola,ESP,FW,Valladolid,31,1991,11,6,377,4.2,0,0,0,0,0,0,0,0.0,0.0,0.0,0.0,0.0,18
199,Nemanja Gudelj,SRB,"DF,MF",Sevilla,30,1991,12,12,1035,11.5,2,0,2,0,0,4,0,0.17,0.0,0.17,0.17,0.17,16
200,Ander Guevara,ESP,"MF,DF",Real Sociedad,25,1997,4,1,126,1.4,0,0,0,0,0,1,0,0.0,0.0,0.0,0.0,0.0,15
201,Hugo Guillamón,ESP,MF,Valencia,22,2000,13,11,916,10.2,1,4,0,1,1,4,0,0.1,0.39,0.49,0.0,0.39,17
202,Gerard Gumbau,ESP,MF,Elche,27,1994,13,9,831,9.2,0,3,0,0,0,5,0,0.0,0.32,0.32,0.0,0.32,7
203,Gorka Guruzeta,ESP,"FW,MF",Athletic Club,26,1996,7,1,203,2.3,5,0,5,0,0,1,0,2.22,0.0,2.22,2.22,2.22,1
204,Raúl Guti,ESP,MF,Elche,25,1996,11,8,647,7.2,0,0,0,0,0,1,0,0.0,0.0,0.0,0.0,0.0,7
205,Miguel Gutiérrez,ESP,DF,Girona,21,2001,13,11,908,10.1,0,2,0,0,0,3,0,0.0,0.2,0.2,0.0,0.2,10
206,Munir El Haddadi,MAR,"MF,FW",Getafe,27,1995,8,0,234,2.6,1,0,1,0,0,2,0,0.38,0.0,0.38,0.38,0.38,9
207,Eden Hazard,BEL,FW,Real Madrid,31,1991,3,1,99,1.1,0,0,0,0,1,0,0,0.0,0.0,0.0,0.0,0.0,14
208,Luiz Henrique,BRA,FW,Betis,21,2001,12,9,741,8.2,0,1,0,0,0,1,0,0.0,0.12,0.12,0.0,0.12,4
209,Mario Hermoso,ESP,DF,Atletico Madrid,27,1995,3,1,120,1.3,1,0,1,0,0,3,1,0.75,0.0,0.75,0.75,0.75,2
210,Aridane Hernández,EQG,DF,Osasuna,33,1989,3,2,144,1.6,0,0,0,0,0,0,0,0.0,0.0,0.0,0.0,0.0,12
211,Luis Hernández,ESP,DF,Cadiz,33,1989,12,12,1079,12.0,0,0,0,0,0,2,1,0.0,0.0,0.0,0.0,0.0,5
212,Ander Herrera,ESP,MF,Athletic Club,33,1989,6,3,238,2.6,0,1,0,0,0,2,1,0.0,0.38,0.38,0.0,0.38,1
213,Sergio Herrera,ESP,GK,Osasuna,29,1993,10,10,900,10.0,0,0,0,0,0,3,0,0.0,0.0,0.0,0.0,0.0,12
214,Yangel Herrera,VEN,MF,Girona,24,1998,11,9,629,7.0,0,2,0,0,0,1,0,0.0,0.29,0.29,0.0,0.29,10
215,Omar El Hilali,MAR,"DF,MF",Espanyol,19,2003,5,1,92,1.0,0,0,0,0,0,1,0,0.0,0.0,0.0,0.0,0.0,8
216,Pablo Ibáñez,ESP,MF,Osasuna,24,1998,4,0,35,0.4,0,0,0,0,0,0,0,0.0,0.0,0.0,0.0,0.0,12
217,Iglesias,ESP,DF,Getafe,24,1998,13,11,1026,11.4,1,0,1,0,0,3,0,0.09,0.0,0.09,0.09,0.09,9
218,Borja Iglesias,ESP,FW,Betis,29,1993,13,12,957,10.6,8,2,5,3,3,0,1,0.75,0.19,0.94,0.47,0.66,4
219,Asier Illarramendi,ESP,MF,Real Sociedad,32,1990,6,2,153,1.7,1,0,1,0,0,2,0,0.59,0.0,0.59,0.59,0.59,15
220,Alexander Isak,SWE,FW,Real Sociedad,23,1999,2,2,152,1.7,1,0,1,0,0,0,0,0.59,0.0,0.59,0.59,0.59,15
221,Isco,ESP,"MF,FW",Sevilla,30,1992,12,10,799,8.9,0,2,0,0,0,5,0,0.0,0.23,0.23,0.0,0.23,16
222,Nicolas Jackson,SEN,FW,Villarreal,21,2001,13,8,772,8.6,2,2,2,0,0,1,0,0.23,0.23,0.47,0.23,0.47,19
223,Adnan Januzaj,BEL,FW,Sevilla,27,1995,2,1,47,0.5,0,0,0,0,0,0,0,0.0,0.0,0.0,0.0,0.0,16
224,Javi,ESP,DF,Girona,24,1998,10,4,365,4.1,0,1,0,0,0,1,0,0.0,0.25,0.25,0.0,0.25,10
225,Joaquín,ESP,"MF,FW",Betis,41,1981,5,1,160,1.8,0,1,0,0,0,0,0,0.0,0.56,0.56,0.0,0.56,4
226,Frenkie de Jong,NED,MF,Barcelona,25,1997,13,9,900,10.0,2,1,2,0,0,0,0,0.2,0.1,0.3,0.2,0.3,3
227,Joan Jordán,ESP,"MF,DF",Sevilla,28,1994,10,9,684,7.6,0,0,0,0,0,2,0,0.0,0.0,0.0,0.0,0.0,16
228,Josan,ESP,"DF,MF",Elche,32,1989,12,3,392,4.4,1,0,1,0,0,3,0,0.23,0.0,0.23,0.23,0.23,7
229,Willian José,BRA,FW,Betis,30,1991,10,2,271,3.0,0,0,0,0,0,0,0,0.0,0.0,0.0,0.0,0.0,4
230,Joselu,ESP,FW,Espanyol,32,1990,14,14,1260,14.0,7,1,5,2,2,1,0,0.5,0.07,0.57,0.36,0.43,8
231,Juanmi,ESP,FW,Betis,29,1993,4,4,313,3.5,2,0,2,0,0,2,0,0.58,0.0,0.58,0.58,0.58,4
232,Juanpe,ESP,DF,Girona,31,1991,7,7,615,6.8,0,0,0,0,0,2,0,0.0,0.0,0.0,0.0,0.0,10
233,Lago Junior,CIV,"FW,MF",Mallorca,31,1990,5,0,52,0.6,0,0,0,0,0,0,0,0.0,0.0,0.0,0.0,0.0,11
234,Vinicius Júnior,BRA,FW,Real Madrid,22,2000,14,14,1227,13.6,6,3,6,0,0,3,0,0.44,0.22,0.66,0.44,0.66,14
235,Kaiky,BRA,DF,Almeria,18,2004,8,6,484,5.4,0,0,0,0,0,5,0,0.0,0.0,0.0,0.0,0.0,0
236,Lee Kangin,KOR,"MF,FW",Mallorca,21,2001,14,13,1090,12.1,2,3,2,0,0,4,0,0.17,0.25,0.41,0.17,0.41,11
237,Jon Karrikaburu,ESP,FW,Real Sociedad,20,2002,6,0,93,1.0,0,0,0,0,0,1,0,0.0,0.0,0.0,0.0,0.0,15
238,Kenedy,BRA,MF,Valladolid,26,1996,1,0,15,0.2,0,0,0,0,0,0,0,0.0,0.0,0.0,0.0,0.0,18
239,Franck Kessié,CIV,MF,Barcelona,25,1996,7,2,216,2.4,0,0,0,0,0,3,0,0.0,0.0,0.0,0.0,0.0,3
240,Kike,ESP,FW,Osasuna,32,1989,14,3,428,4.8,2,0,1,1,1,3,0,0.42,0.0,0.42,0.21,0.21,12
241,Justin Kluivert,NED,"FW,MF",Valencia,23,1999,10,5,518,5.8,2,0,2,0,0,1,0,0.35,0.0,0.35,0.35,0.35,17
242,Koke,ESP,MF,Atletico Madrid,30,1992,10,8,742,8.2,0,2,0,0,0,2,0,0.0,0.24,0.24,0.0,0.24,2
243,Luca Koleosho,CAN,"FW,DF",Espanyol,18,2004,2,0,25,0.3,0,0,0,0,0,0,0,0.0,0.0,0.0,0.0,0.0,8
244,Geoffrey Kondogbia,CTA,MF,Atletico Madrid,29,1993,11,8,719,8.0,0,1,0,0,0,3,0,0.0,0.13,0.13,0.0,0.13,2
245,Jules Koundé,FRA,DF,Barcelona,24,1998,7,7,572,6.4,0,2,0,0,0,0,0,0.0,0.31,0.31,0.0,0.31,3
246,Toni Kroos,GER,MF,Real Madrid,32,1990,11,10,858,9.5,1,2,1,0,0,2,1,0.1,0.21,0.31,0.1,0.31,14
247,Takefusa Kubo,JPN,"FW,MF",Real Sociedad,21,2001,12,10,842,9.4,2,2,2,0,0,0,0,0.21,0.21,0.43,0.21,0.43,15
248,César de la Hoz,ESP,MF,Almeria,30,1992,8,6,583,6.5,1,0,1,0,0,4,0,0.15,0.0,0.15,0.15,0.15,0
249,Luca de la Torre,USA,MF,Celta Vigo,24,1998,5,0,54,0.6,0,0,0,0,0,0,0,0.0,0.0,0.0,0.0,0.0,6
250,Érik Lamela,ARG,"FW,MF",Sevilla,30,1992,13,10,956,10.6,3,0,3,0,0,5,1,0.28,0.0,0.28,0.28,0.28,16
251,Latasa,ESP,"FW,DF",Getafe,21,2001,6,0,61,0.7,0,0,0,0,0,0,0,0.0,0.0,0.0,0.0,0.0,9
252,Toni Lato,ESP,"DF,MF",Valencia,24,1997,9,2,276,3.1,1,0,1,0,0,0,0,0.33,0.0,0.33,0.33,0.33,17
253,Lázaro,BRA,"MF,FW",Almeria,20,2002,6,2,206,2.3,1,0,1,0,0,0,0,0.44,0.0,0.44,0.44,0.44,0
254,Robin Le Normand,FRA,DF,Real Sociedad,26,1996,11,9,816,9.1,0,0,0,0,0,3,0,0.0,0.0,0.0,0.0,0.0,15
255,Benjamin Lecomte,FRA,GK,Espanyol,31,1991,10,10,899,10.0,0,0,0,0,0,1,1,0.0,0.0,0.0,0.0,0.0,8
256,Jeremías Ledesma,ARG,GK,Cadiz,29,1993,14,14,1260,14.0,0,0,0,0,0,0,0,0.0,0.0,0.0,0.0,0.0,5
257,Florian Lejeune,FRA,DF,Rayo Vallecano,31,1991,12,12,948,10.5,3,0,3,0,0,4,1,0.28,0.0,0.28,0.28,0.28,13
258,Iñigo Lekue,ESP,DF,Athletic Club,29,1993,12,10,947,10.5,0,1,0,0,0,1,0,0.0,0.1,0.1,0.0,0.1,1
259,Thomas Lemar,FRA,MF,Atletico Madrid,27,1995,9,5,390,4.3,0,2,0,0,0,0,0,0.0,0.46,0.46,0.0,0.46,2
260,Sergio León,ESP,FW,Valladolid,33,1989,13,7,625,6.9,5,1,4,1,2,0,0,0.72,0.14,0.86,0.58,0.72,18
261,Robert Lewandowski,POL,FW,Barcelona,34,1988,14,13,1064,11.8,13,4,13,0,1,2,1,1.1,0.34,1.44,1.1,1.44,3
262,Pol Lirola,ESP,DF,Elche,25,1997,8,7,548,6.1,1,0,1,0,0,1,0,0.16,0.0,0.16,0.16,0.16,7
263,Marcos Llorente,ESP,"DF,MF",Atletico Madrid,27,1995,8,8,662,7.4,1,0,1,0,0,1,0,0.14,0.0,0.14,0.14,0.14,2
264,Giovani Lo Celso,ARG,"MF,FW",Villarreal,26,1996,8,8,521,5.8,1,0,1,0,0,1,0,0.17,0.0,0.17,0.17,0.17,19
265,David López,ESP,"DF,MF",Girona,33,1989,8,8,690,7.7,2,1,2,0,0,2,0,0.26,0.13,0.39,0.26,0.39,10
266,Diego López,ESP,GK,Rayo Vallecano,41,1981,1,1,90,1.0,0,0,0,0,0,0,0,0.0,0.0,0.0,0.0,0.0,13
267,Unai López,ESP,MF,Rayo Vallecano,27,1995,13,6,554,6.2,1,2,1,0,0,0,0,0.16,0.32,0.49,0.16,0.49,13
268,Anthony Lozano,HON,FW,Cadiz,29,1993,12,8,756,8.4,0,0,0,0,0,2,0,0.0,0.0,0.0,0.0,0.0,5
269,Pol Lozano,ESP,MF,Espanyol,23,1999,4,0,17,0.2,0,0,0,0,0,1,0,0.0,0.0,0.0,0.0,0.0,8
270,José Luis Gayà,ESP,DF,Valencia,27,1995,10,10,862,9.6,0,2,0,0,1,1,0,0.0,0.21,0.21,0.0,0.21,17
271,José Luis Morales,ESP,FW,Villarreal,35,1987,13,3,424,4.7,1,0,1,0,0,0,0,0.21,0.0,0.21,0.21,0.21,19
272,Andriy Lunin,UKR,GK,Real Madrid,23,1999,4,4,360,4.0,0,0,0,0,0,0,0,0.0,0.0,0.0,0.0,0.0,14
273,Awer Mabil,AUS,"MF,FW",Cadiz,27,1995,5,1,165,1.8,0,0,0,0,0,0,0,0.0,0.0,0.0,0.0,0.0,5
274,Pablo Maffeo,ESP,DF,Mallorca,25,1997,12,12,1017,11.3,1,0,1,0,0,3,1,0.09,0.0,0.09,0.09,0.09,11
275,Jon Magunacelaya,ESP,"MF,FW",Real Sociedad,22,2000,2,0,65,0.7,0,0,0,0,0,0,0,0.0,0.0,0.0,0.0,0.0,15
276,Nemanja Maksimović,SRB,MF,Getafe,27,1995,12,10,711,7.9,0,0,0,0,0,0,0,0.0,0.0,0.0,0.0,0.0,9
277,Hugo Mallo,ESP,DF,Celta Vigo,31,1991,11,11,873,9.7,0,0,0,0,0,3,0,0.0,0.0,0.0,0.0,0.0,6
278,Mickael Malsa,MTQ,MF,Valladolid,27,1995,4,0,39,0.4,0,0,0,0,0,0,0,0.0,0.0,0.0,0.0,0.0,18
279,Giorgi Mamardashvili,GEO,GK,Valencia,22,2000,14,14,1260,14.0,0,0,0,0,0,1,0,0.0,0.0,0.0,0.0,0.0,17
280,Reinildo Mandava,MOZ,DF,Atletico Madrid,28,1994,14,14,1238,13.8,0,0,0,0,0,2,0,0.0,0.0,0.0,0.0,0.0,2
281,Aïssa Mandi,ALG,DF,Villarreal,31,1991,7,3,261,2.9,0,0,0,0,0,0,0,0.0,0.0,0.0,0.0,0.0,19
282,Maranhão,BRA,"FW,MF",Valencia,26,1996,11,3,370,4.1,1,0,1,0,0,2,1,0.24,0.0,0.24,0.24,0.24,17
283,Marcão,BRA,DF,Sevilla,26,1996,4,4,360,4.0,0,0,0,0,0,2,0,0.0,0.0,0.0,0.0,0.0,16
284,Agustín Marchesín,ARG,GK,Celta Vigo,34,1988,14,14,1260,14.0,0,0,0,0,0,2,0,0.0,0.0,0.0,0.0,0.0,6
285,Óscar de Marcos,ESP,DF,Athletic Club,33,1989,14,13,1078,12.0,0,3,0,0,0,2,0,0.0,0.25,0.25,0.0,0.25,1
286,José Mari,ESP,MF,Cadiz,34,1987,10,2,288,3.2,0,0,0,0,0,1,0,0.0,0.0,0.0,0.0,0.0,5
287,José María Giménez,URU,DF,Atletico Madrid,27,1995,9,8,735,8.2,0,0,0,0,0,5,0,0.0,0.0,0.0,0.0,0.0,2
288,Mariano,DOM,FW,Real Madrid,29,1993,4,0,24,0.3,0,0,0,0,0,0,0,0.0,0.0,0.0,0.0,0.0,14
289,Pablo Marín,ESP,"MF,FW",Real Sociedad,19,2003,3,1,106,1.2,0,0,0,0,0,1,0,0.0,0.0,0.0,0.0,0.0,15
290,Roger Martí,ESP,FW,Elche,31,1991,8,5,430,4.8,0,1,0,0,0,1,0,0.0,0.21,0.21,0.0,0.21,7
291,Iván Martín,ESP,MF,Girona,23,1999,2,0,103,1.1,2,0,2,0,0,0,0,1.75,0.0,1.75,1.75,1.75,10
292,Arnau Martinez,ESP,"DF,MF",Girona,19,2003,11,10,811,9.0,2,1,2,0,0,2,0,0.22,0.11,0.33,0.22,0.33,10
293,Iñigo Martínez,ESP,DF,Athletic Club,31,1991,9,9,810,9.0,0,0,0,0,0,1,0,0.0,0.0,0.0,0.0,0.0,1
294,Omar Mascarell,ESP,MF,Elche,29,1993,12,12,1014,11.3,0,0,0,0,0,3,0,0.0,0.0,0.0,0.0,0.0,7
295,Jordi Masip,ESP,GK,Valladolid,33,1989,9,9,810,9.0,0,0,0,0,0,2,0,0.0,0.0,0.0,0.0,0.0,18
296,Jaime Mata,ESP,FW,Getafe,34,1988,6,0,42,0.5,0,0,0,0,0,2,0,0.0,0.0,0.0,0.0,0.0,9
297,Borja Mayoral,ESP,FW,Getafe,25,1997,14,14,1105,12.3,1,0,1,0,1,2,0,0.08,0.0,0.08,0.08,0.08,9
298,Mamadou Mbaye,SEN,DF,Cadiz,24,1998,3,3,209,2.3,0,0,0,0,0,0,0,0.0,0.0,0.0,0.0,0.0,5
299,Gonzalo Melero,ESP,MF,Almeria,28,1994,8,7,536,6.0,1,2,1,0,0,2,0,0.17,0.34,0.5,0.17,0.5,0
300,Houboulang Mendes,FRA,DF,Almeria,24,1998,7,6,498,5.5,0,1,0,0,0,0,0,0.0,0.18,0.18,0.0,0.18,0
301,Brais Méndez,ESP,MF,Real Sociedad,25,1997,14,13,1121,12.5,6,2,6,0,0,4,0,0.48,0.16,0.64,0.48,0.64,15
302,Ferland Mendy,FRA,DF,Real Madrid,27,1995,11,11,884,9.8,0,1,0,0,0,2,0,0.0,0.1,0.1,0.0,0.1,14
303,Mikel Merino,ESP,MF,Real Sociedad,26,1996,14,13,1124,12.5,1,6,1,0,1,4,0,0.08,0.48,0.56,0.08,0.56,15
304,Roque Mesa,ESP,MF,Valladolid,33,1989,12,11,862,9.6,2,1,2,0,0,4,0,0.21,0.1,0.31,0.21,0.31,18
305,Éder Militão,BRA,DF,Real Madrid,24,1998,12,10,913,10.1,3,0,3,0,0,1,0,0.3,0.0,0.3,0.3,0.3,14
306,Luis Milla,ESP,MF,Getafe,28,1994,8,7,650,7.2,0,0,0,0,0,2,1,0.0,0.0,0.0,0.0,0.0,9
307,Pere Milla,ESP,"FW,MF",Elche,30,1992,13,8,779,8.7,3,1,2,1,1,3,0,0.35,0.12,0.46,0.23,0.35,7
308,Marko Milovanović,SRB,FW,Almeria,19,2003,2,0,15,0.2,0,0,0,0,0,1,0,0.0,0.0,0.0,0.0,0.0,0
309,Óscar Mingueza,ESP,DF,Celta Vigo,23,1999,10,4,478,5.3,0,0,0,0,0,2,0,0.0,0.0,0.0,0.0,0.0,6
310,Rafa Mir,ESP,FW,Sevilla,25,1997,9,7,559,6.2,2,0,2,0,0,1,0,0.32,0.0,0.32,0.32,0.32,16
311,Juan Miranda,ESP,DF,Betis,22,2000,2,1,94,1.0,0,0,0,0,0,0,0,0.0,0.0,0.0,0.0,0.0,4
312,Stefan Mitrović,SRB,DF,Getafe,32,1990,13,11,1035,11.5,0,0,0,0,0,3,0,0.0,0.0,0.0,0.0,0.0,9
313,Luka Modrić,CRO,MF,Real Madrid,37,1985,13,11,926,10.3,3,2,2,1,1,3,0,0.29,0.19,0.49,0.19,0.39,14
314,Johan Mojica,COL,DF,Villarreal,30,1992,5,1,186,2.1,0,0,0,0,0,0,0,0.0,0.0,0.0,0.0,0.0,19
315,Johan Mojica,COL,"DF,MF",Elche,30,1992,3,3,270,3.0,0,0,0,0,0,2,0,0.0,0.0,0.0,0.0,0.0,7
316,Nahuel Molina,ARG,DF,Atletico Madrid,24,1998,11,11,924,10.3,0,0,0,0,0,2,1,0.0,0.0,0.0,0.0,0.0,2
317,Jon Moncayola,ESP,MF,Osasuna,24,1998,14,9,876,9.7,0,0,0,0,0,2,0,0.0,0.0,0.0,0.0,0.0,12
318,Monchu,ESP,MF,Valladolid,23,1999,12,7,659,7.3,1,1,1,0,0,4,0,0.14,0.14,0.27,0.14,0.27,18
319,Gonzalo Montiel,ARG,DF,Sevilla,25,1997,8,8,585,6.5,0,1,0,0,0,3,1,0.0,0.15,0.15,0.0,0.15,16
320,Martín Montoya,ESP,DF,Betis,31,1991,3,3,183,2.0,0,0,0,0,0,0,0,0.0,0.0,0.0,0.0,0.0,4
321,Álvaro Morata,ESP,FW,Atletico Madrid,30,1992,14,12,845,9.4,5,1,5,0,0,3,0,0.53,0.11,0.64,0.53,0.64,2
322,Jon Morcillo,ESP,"FW,MF",Athletic Club,24,1998,8,0,56,0.6,0,1,0,0,0,0,0,0.0,1.61,1.61,0.0,1.61,1
323,Alberto Moreno,ESP,"DF,FW",Villarreal,30,1992,6,4,368,4.1,0,0,0,0,0,3,0,0.0,0.0,0.0,0.0,0.0,19
324,Álex Moreno,ESP,DF,Betis,29,1993,13,13,1170,13.0,0,3,0,0,0,1,0,0.0,0.23,0.23,0.0,0.23,4
325,Gerard Moreno,ESP,FW,Villarreal,30,1992,6,5,382,4.2,2,0,2,0,0,1,0,0.47,0.0,0.47,0.47,0.47,19
326,Tete Morente,ESP,MF,Elche,25,1996,11,8,718,8.0,0,0,0,0,0,3,0,0.0,0.0,0.0,0.0,0.0,7
327,Ilaix Moriba,GUI,MF,Valencia,19,2003,6,4,331,3.7,0,0,0,0,0,3,1,0.0,0.0,0.0,0.0,0.0,17
328,Manu Morlanes,ESP,MF,Villarreal,23,1999,3,2,145,1.6,0,0,0,0,0,0,1,0.0,0.0,0.0,0.0,0.0,19
329,Loren Morón,ESP,FW,Betis,28,1993,2,0,15,0.2,0,0,0,0,0,1,0,0.0,0.0,0.0,0.0,0.0,4
330,Cristhian Mosquera,COL,DF,Valencia,18,2004,2,0,55,0.6,0,0,0,0,0,0,0,0.0,0.0,0.0,0.0,0.0,17
331,Abdul Mumin,GHA,DF,Rayo Vallecano,24,1998,2,1,102,1.1,0,0,0,0,0,0,0,0.0,0.0,0.0,0.0,0.0,13
332,Iker Muniain,ESP,"MF,FW",Athletic Club,29,1992,11,10,788,8.8,0,1,0,0,0,1,0,0.0,0.11,0.11,0.0,0.11,1
333,Aihen Muñoz,ESP,DF,Real Sociedad,25,1997,9,8,666,7.4,0,0,0,0,0,0,0,0.0,0.0,0.0,0.0,0.0,15
334,Pablo Muñoz,ESP,MF,Rayo Vallecano,19,2003,2,0,12,0.1,0,0,0,0,0,0,0,0.0,0.0,0.0,0.0,0.0,13
335,Vedat Muriqi,KVX,FW,Mallorca,28,1994,12,12,1037,11.5,8,1,6,2,3,3,1,0.69,0.09,0.78,0.52,0.61,11
336,Yunus Musah,USA,MF,Valencia,19,2002,11,10,846,9.4,0,2,0,0,0,5,0,0.0,0.21,0.21,0.0,0.21,17
337,Nacho,ESP,DF,Real Madrid,32,1990,7,1,147,1.6,0,0,0,0,0,0,0,0.0,0.0,0.0,0.0,0.0,14
338,Juanjo Narváez,COL,"MF,FW",Valladolid,27,1995,5,1,148,1.6,0,0,0,0,0,0,0,0.0,0.0,0.0,0.0,0.0,18
339,Matija Nastasić,SRB,DF,Mallorca,29,1993,4,3,285,3.2,0,0,0,0,0,1,0,0.0,0.0,0.0,0.0,0.0,11
340,Roberto Navarro,ESP,"MF,DF",Real Sociedad,20,2002,8,0,155,1.7,0,0,0,0,0,2,0,0.0,0.0,0.0,0.0,0.0,15
341,Jesús Navas,ESP,"DF,FW",Sevilla,36,1985,11,6,626,7.0,0,0,0,0,0,3,0,0.0,0.0,0.0,0.0,0.0,16
342,Álvaro Negredo,ESP,FW,Cadiz,37,1985,10,5,410,4.6,1,1,1,0,0,0,0,0.22,0.22,0.44,0.22,0.44,5
343,Tanguy Nianzou,FRA,DF,Sevilla,20,2002,10,8,640,7.1,0,0,0,0,0,0,1,0.0,0.0,0.0,0.0,0.0,16
344,Saúl Ñíguez,ESP,"MF,DF",Atletico Madrid,27,1994,11,6,465,5.2,0,1,0,0,0,5,0,0.0,0.19,0.19,0.0,0.19,2
345,Diego Noguerol,ESP,"FW,DF",Valencia,20,2002,1,0,10,0.1,0,0,0,0,0,0,0,0.0,0.0,0.0,0.0,0.0,17
346,Randy Ntekja,FRA,"FW,MF",Rayo Vallecano,24,1997,7,0,67,0.7,0,0,0,0,0,0,1,0.0,0.0,0.0,0.0,0.0,13
347,Unai Núñez,ESP,DF,Celta Vigo,25,1997,13,13,1170,13.0,0,0,0,0,0,3,0,0.0,0.0,0.0,0.0,0.0,6
348,Jan Oblak,SVN,GK,Atletico Madrid,29,1993,12,12,1052,11.7,0,0,0,0,0,1,0,0.0,0.0,0.0,0.0,0.0,2
349,Brian Ocampo,URU,"MF,FW",Cadiz,23,1999,10,7,560,6.2,0,0,0,0,0,1,0,0.0,0.0,0.0,0.0,0.0,5
350,Lucas Ocampos,ARG,"FW,MF",Sevilla,28,1994,3,1,132,1.5,0,0,0,0,0,1,0,0.0,0.0,0.0,0.0,0.0,16
351,Lucas Olaza,URU,DF,Valladolid,28,1994,9,6,641,7.1,0,0,0,0,0,2,0,0.0,0.0,0.0,0.0,0.0,18
352,Brian Oliván,ESP,DF,Espanyol,28,1994,14,14,1209,13.4,0,3,0,0,0,3,0,0.0,0.22,0.22,0.0,0.22,8
353,Lucas Oliveira Rosa,BRA,DF,Valladolid,22,2000,5,4,323,3.6,0,0,0,0,0,1,0,0.0,0.0,0.0,0.0,0.0,18
354,Aimar Oroz,ESP,"MF,FW",Osasuna,20,2001,12,9,774,8.6,2,1,1,1,1,3,0,0.23,0.12,0.35,0.12,0.23,12
355,Cenk Özkacar,TUR,DF,Valencia,22,2000,3,1,239,2.7,0,0,0,0,0,0,0,0.0,0.0,0.0,0.0,0.0,17
356,Fernando Pacheco,ESP,GK,Almeria,30,1992,1,1,90,1.0,0,0,0,0,0,0,0,0.0,0.0,0.0,0.0,0.0,0
357,Jon Pacheco,ESP,DF,Real Sociedad,21,2001,9,7,678,7.5,0,0,0,0,0,2,0,0.0,0.0,0.0,0.0,0.0,15
358,Gonçalo Paciência,POR,"FW,MF",Celta Vigo,28,1994,10,3,331,3.7,1,0,1,0,0,1,1,0.27,0.0,0.27,0.27,0.27,6
359,Helibelton Palacios,COL,DF,Elche,29,1993,9,8,705,7.8,0,0,0,0,0,2,0,0.0,0.0,0.0,0.0,0.0,7
360,Isaac Palazón Camacho,ESP,"FW,MF",Rayo Vallecano,27,1994,13,12,986,11.0,3,3,2,1,1,1,0,0.27,0.27,0.55,0.18,0.46,13
361,Aitor Paredes,ESP,DF,Athletic Club,22,2000,3,0,23,0.3,0,0,0,0,0,0,0,0.0,0.0,0.0,0.0,0.0,1
362,Daniel Parejo,ESP,MF,Villarreal,33,1989,14,14,1227,13.6,0,2,0,0,0,2,0,0.0,0.15,0.15,0.0,0.15,19
363,Moises Parra Gutierrez,ESP,FW,Getafe,20,2002,1,0,10,0.1,0,0,0,0,0,0,0,0.0,0.0,0.0,0.0,0.0,9
364,Javier Pastore,ARG,MF,Elche,33,1989,1,0,5,0.1,0,0,0,0,0,0,0,0.0,0.0,0.0,0.0,0.0,7
365,Gabriel Paulista,BRA,DF,Valencia,31,1990,10,7,579,6.4,1,0,1,0,0,1,0,0.16,0.0,0.16,0.16,0.16,17
366,Alfonso Pedraza,ESP,DF,Villarreal,26,1996,10,10,805,8.9,0,1,0,0,0,1,0,0.0,0.11,0.11,0.0,0.11,19
367,Pedri,ESP,MF,Barcelona,19,2002,14,12,1025,11.4,3,0,3,0,0,0,0,0.26,0.0,0.26,0.26,0.26,3
368,Rubén Peña,ESP,"DF,MF",Osasuna,31,1991,10,6,563,6.3,0,1,0,0,0,1,1,0.0,0.16,0.16,0.0,0.16,12
369,Alberto Perea,ESP,MF,Cadiz,31,1990,1,1,45,0.5,0,0,0,0,0,0,0,0.0,0.0,0.0,0.0,0.0,5
370,Carles Pérez,ESP,"FW,MF",Celta Vigo,24,1998,14,7,599,6.7,0,2,0,0,0,1,0,0.0,0.3,0.3,0.0,0.3,6
371,Francisco Perez,ESP,"FW,DF",Valencia,20,2002,2,0,21,0.2,0,0,0,0,0,1,0,0.0,0.0,0.0,0.0,0.0,17
372,Kike Pérez,ESP,MF,Valladolid,25,1997,13,11,966,10.7,0,1,0,0,0,2,0,0.0,0.09,0.09,0.0,0.09,18
373,Lucas Pérez,ESP,FW,Cadiz,34,1988,13,5,593,6.6,2,0,2,0,0,3,0,0.3,0.0,0.3,0.3,0.3,5
374,Luis Pérez,ESP,DF,Valladolid,27,1995,5,5,387,4.3,0,0,0,0,0,1,0,0.0,0.0,0.0,0.0,0.0,18
375,Germán Pezzella,ARG,DF,Betis,31,1991,12,10,911,10.1,0,0,0,0,0,2,2,0.0,0.0,0.0,0.0,0.0,4
376,Yeremi Pino,ESP,"MF,FW",Villarreal,20,2002,13,9,697,7.7,1,1,1,0,0,2,0,0.13,0.13,0.26,0.13,0.26,19
377,Gerard Piqué,ESP,DF,Barcelona,35,1987,6,4,384,4.3,0,0,0,0,0,2,1,0.0,0.0,0.0,0.0,0.0,3
378,Óscar Plano,ESP,"FW,MF",Valladolid,31,1991,14,8,829,9.2,1,1,1,0,0,1,0,0.11,0.11,0.22,0.11,0.22,18
379,Gonzalo Plata,ECU,"FW,MF",Valladolid,22,2000,10,6,592,6.6,0,2,0,0,0,0,0,0.0,0.3,0.3,0.0,0.3,18
380,Ezequiel Ponce,ARG,FW,Elche,25,1997,13,4,512,5.7,2,0,2,0,0,2,0,0.35,0.0,0.35,0.35,0.35,7
381,Francisco Portillo,ESP,"MF,FW",Almeria,32,1990,10,1,201,2.2,0,0,0,0,0,0,0,0.0,0.0,0.0,0.0,0.0,0
382,Portu,ESP,"MF,DF",Getafe,30,1992,11,3,384,4.3,0,0,0,0,0,2,1,0.0,0.0,0.0,0.0,0.0,9
383,José Pozo,ESP,MF,Rayo Vallecano,26,1996,6,1,75,0.8,0,0,0,0,0,0,0,0.0,0.0,0.0,0.0,0.0,13
384,Alejandro Pozo Pozo,ESP,DF,Almeria,23,1999,10,6,580,6.4,0,1,0,0,0,0,0,0.0,0.16,0.16,0.0,0.16,0
385,Abdón Prats,ESP,"FW,MF",Mallorca,29,1992,10,1,137,1.5,0,0,0,0,0,0,0,0.0,0.0,0.0,0.0,0.0,11
386,Javi Puado,ESP,"FW,MF",Espanyol,24,1998,13,8,749,8.3,1,0,1,0,0,0,0,0.12,0.0,0.12,0.12,0.12,8
387,Arnau Puigmal,ESP,"MF,DF",Almeria,21,2001,7,1,241,2.7,0,0,0,0,0,3,0,0.0,0.0,0.0,0.0,0.0,0
388,Domingos Quina,POR,MF,Elche,22,1999,9,2,268,3.0,0,0,0,0,0,1,0,0.0,0.0,0.0,0.0,0.0,7
389,Antonio Raillo,ESP,DF,Mallorca,31,1991,13,13,1170,13.0,1,0,1,0,0,5,0,0.08,0.0,0.08,0.08,0.08,11
390,Predrag Rajković,SRB,GK,Mallorca,27,1995,14,14,1260,14.0,0,0,0,0,0,1,0,0.0,0.0,0.0,0.0,0.0,11
391,Ivan Rakitić,CRO,MF,Sevilla,34,1988,11,6,525,5.8,0,0,0,0,0,1,1,0.0,0.0,0.0,0.0,0.0,16
392,Largie Ramazani,BEL,FW,Almeria,21,2001,14,9,799,8.9,2,0,2,0,0,4,0,0.23,0.0,0.23,0.23,0.23,0
393,Raphinha,BRA,FW,Barcelona,25,1996,13,6,570,6.3,2,2,2,0,0,1,0,0.32,0.32,0.63,0.32,0.63,3
394,Sergio Reguilón,ESP,DF,Atletico Madrid,25,1996,1,0,22,0.2,0,0,0,0,0,0,0,0.0,0.0,0.0,0.0,0.0,2
395,Reinier,BRA,"MF,FW",Girona,20,2002,7,3,313,3.5,1,0,1,0,0,1,0,0.29,0.0,0.29,0.29,0.29,10
396,Karim Rekik,NED,DF,Sevilla,27,1994,7,6,423,4.7,1,1,1,0,0,1,0,0.21,0.21,0.43,0.21,0.43,16
397,Álex Remiro,ESP,GK,Real Sociedad,27,1995,14,14,1260,14.0,0,0,0,0,0,0,0,0.0,0.0,0.0,0.0,0.0,15
398,Alejandro Revuelta Montero,ESP,DF,Getafe,22,2000,1,0,1,0.0,0,0,0,0,0,0,0,0.0,0.0,0.0,0.0,0.0,9
399,Chadi Riad,ESP,MF,Barcelona,19,2003,1,0,2,0.0,0,0,0,0,0,0,0,0.0,0.0,0.0,0.0,0.0,3
400,Nico Ribaudo,ESP,"FW,MF",Espanyol,21,2001,9,3,178,2.0,0,0,0,0,0,2,0,0.0,0.0,0.0,0.0,0.0,8
401,Diego Rico,ESP,DF,Real Sociedad,29,1993,7,6,594,6.6,0,0,0,0,0,1,0,0.0,0.0,0.0,0.0,0.0,15
402,Rodrigo Riquelme,ESP,"MF,FW",Girona,22,2000,13,9,796,8.8,3,0,3,0,0,0,0,0.34,0.0,0.34,0.34,0.34,10
403,Sergi Roberto,ESP,DF,Barcelona,30,1992,9,3,377,4.2,2,0,2,0,0,1,0,0.48,0.0,0.48,0.48,0.48,3
404,Lucas Robertone,ARG,MF,Almeria,25,1997,14,13,1016,11.3,1,1,1,0,0,3,0,0.09,0.09,0.18,0.09,0.18,0
405,Enzo Roco,CHI,DF,Elche,30,1992,11,10,795,8.8,0,0,0,0,0,2,0,0.0,0.0,0.0,0.0,0.0,7
406,Rodrigo,ESP,FW,Betis,22,2000,11,10,696,7.7,1,0,1,0,0,0,0,0.13,0.0,0.13,0.13,0.13,4
407,Ángel Rodríguez,ESP,"FW,MF",Mallorca,35,1987,5,1,149,1.7,0,0,0,0,0,0,0,0.0,0.0,0.0,0.0,0.0,11
408,Óscar Rodríguez Arnaiz,ESP,MF,Celta Vigo,24,1998,13,12,999,11.1,2,0,2,0,0,2,0,0.18,0.0,0.18,0.18,0.18,6
409,Dani Rodríguez,ESP,MF,Mallorca,34,1988,13,8,689,7.7,0,2,0,0,0,5,0,0.0,0.26,0.26,0.0,0.26,11
410,Guido Rodríguez,ARG,MF,Betis,28,1994,12,12,1043,11.6,0,0,0,0,0,2,0,0.0,0.0,0.0,0.0,0.0,4
411,Rodrygo,BRA,FW,Real Madrid,21,2001,12,10,912,10.1,4,4,3,1,1,1,0,0.39,0.39,0.79,0.3,0.69,14
412,Iván Romero,ESP,MF,Sevilla,21,2001,1,0,11,0.1,0,0,0,0,0,1,0,0.0,0.0,0.0,0.0,0.0,16
413,Oriol Romeu,ESP,MF,Girona,31,1991,11,11,990,11.0,1,0,1,0,0,4,0,0.09,0.0,0.09,0.09,0.09,10
414,Rubén,ESP,"MF,FW",Espanyol,21,2001,4,3,244,2.7,0,0,0,0,0,0,0,0.0,0.0,0.0,0.0,0.0,8
415,Antonio Rüdiger,GER,DF,Real Madrid,29,1993,12,7,686,7.6,1,0,1,0,0,1,0,0.13,0.0,0.13,0.13,0.13,14
416,Aitor Ruibal,ESP,"DF,FW",Betis,26,1996,13,5,563,6.3,0,0,0,0,0,1,0,0.0,0.0,0.0,0.0,0.0,4
417,Víctor Ruiz,ESP,DF,Betis,33,1989,4,3,341,3.8,0,0,0,0,0,0,0,0.0,0.0,0.0,0.0,0.0,4
418,Gerónimo Rulli,ARG,GK,Villarreal,30,1992,14,14,1260,14.0,0,0,0,0,0,1,0,0.0,0.0,0.0,0.0,0.0,19
419,Franco Russo,ARG,DF,Mallorca,28,1994,2,1,77,0.9,0,0,0,0,0,0,0,0.0,0.0,0.0,0.0,0.0,11
420,Youssouf Sabaly,SEN,DF,Betis,29,1993,9,7,630,7.0,0,0,0,0,0,0,0,0.0,0.0,0.0,0.0,0.0,4
421,Umar Sadiq,NGA,FW,Almeria,25,1997,3,3,240,2.7,2,0,2,0,0,1,0,0.75,0.0,0.75,0.75,0.75,0
422,Umar Sadiq,NGA,FW,Real Sociedad,25,1997,2,1,82,0.9,1,0,1,0,0,0,0,1.1,0.0,1.1,1.1,1.1,15
423,Samuel Sáiz,ESP,"MF,FW",Girona,31,1991,6,1,193,2.1,1,0,0,1,1,1,0,0.47,0.0,0.47,0.0,0.0,10
424,Salvi,ESP,"FW,MF",Rayo Vallecano,31,1991,10,3,264,2.9,0,0,0,0,0,2,0,0.0,0.0,0.0,0.0,0.0,13
425,Samuel,BRA,"FW,MF",Valencia,22,1999,14,14,1215,13.5,2,0,2,0,0,3,0,0.15,0.0,0.15,0.15,0.15,17
426,Fede San Emeterio,ESP,MF,Cadiz,25,1997,13,11,789,8.8,0,0,0,0,0,4,0,0.0,0.0,0.0,0.0,0.0,5
427,Oihan Sancet,ESP,MF,Athletic Club,22,2000,14,13,938,10.4,3,0,2,1,1,2,0,0.29,0.0,0.29,0.19,0.19,1
428,Antonio Sánchez,ESP,MF,Mallorca,25,1997,14,7,580,6.4,0,0,0,0,0,4,0,0.0,0.0,0.0,0.0,0.0,11
429,Iván Sánchez,ESP,"FW,MF",Valladolid,30,1992,11,7,555,6.2,0,0,0,0,0,0,0,0.0,0.0,0.0,0.0,0.0,18
430,Javi Sánchez,ESP,DF,Valladolid,25,1997,12,12,1003,11.1,1,0,1,0,0,4,0,0.09,0.0,0.09,0.09,0.09,18
431,Manuel Sánchez,ESP,DF,Osasuna,22,2000,10,4,470,5.2,0,1,0,0,0,0,0,0.0,0.19,0.19,0.0,0.19,12
432,Esteban Saveljich,MNE,FW,Rayo Vallecano,31,1991,1,0,1,0.0,0,0,0,0,0,0,0,0.0,0.0,0.0,0.0,0.0,13
433,Stefan Savić,MNE,DF,Atletico Madrid,31,1991,10,10,885,9.8,0,0,0,0,0,2,0,0.0,0.0,0.0,0.0,0.0,2
434,Jaime Seoane,ESP,MF,Getafe,25,1997,9,2,273,3.0,0,0,0,0,0,0,0,0.0,0.0,0.0,0.0,0.0,9
435,David Silva,ESP,MF,Real Sociedad,36,1986,12,11,816,9.1,0,0,0,0,0,2,0,0.0,0.0,0.0,0.0,0.0,15
436,Rui Silva,POR,GK,Betis,28,1994,12,12,1080,12.0,0,0,0,0,0,2,0,0.0,0.0,0.0,0.0,0.0,4
437,Unai Simón,ESP,GK,Athletic Club,25,1997,14,14,1260,14.0,0,0,0,0,0,1,0,0.0,0.0,0.0,0.0,0.0,1
438,Rubén Sobrino,ESP,"MF,FW",Cadiz,30,1992,11,9,799,8.9,1,0,1,0,0,3,0,0.11,0.0,0.11,0.11,0.11,5
439,Alex Sola,ESP,DF,Real Sociedad,23,1999,5,3,275,3.1,0,0,0,0,0,1,0,0.0,0.0,0.0,0.0,0.0,15
440,Augusto Solari,ARG,"MF,FW",Celta Vigo,30,1992,6,2,187,2.1,0,1,0,0,0,0,0,0.0,0.48,0.48,0.0,0.48,6
441,Carlos Soler,ESP,MF,Valencia,25,1997,3,3,242,2.7,1,0,0,1,1,0,0,0.37,0.0,0.37,0.0,0.0,17
442,David Soria,ESP,GK,Getafe,29,1993,14,14,1260,14.0,0,0,0,0,0,1,0,0.0,0.0,0.0,0.0,0.0,9
443,Dyego Sousa,POR,FW,Almeria,33,1989,10,2,306,3.4,0,1,0,0,0,1,0,0.0,0.29,0.29,0.0,0.29,0
444,Vinicius Souza,BRA,MF,Espanyol,23,1999,14,14,1188,13.2,0,0,0,0,0,4,0,0.0,0.0,0.0,0.0,0.0,8
445,Jørgen Strand Larsen,NOR,FW,Celta Vigo,22,2000,10,9,690,7.7,0,2,0,0,0,3,0,0.0,0.26,0.26,0.0,0.26,6
446,Cristhian Stuani,URU,FW,Girona,36,1986,10,3,419,4.7,4,0,1,3,4,2,0,0.86,0.0,0.86,0.21,0.21,10
447,Damián Suárez,URU,DF,Getafe,34,1988,7,7,549,6.1,1,0,1,0,0,2,0,0.16,0.0,0.16,0.16,0.16,9
448,Mario Suárez,ESP,"DF,MF",Rayo Vallecano,35,1987,1,0,6,0.1,0,0,0,0,0,0,0,0.0,0.0,0.0,0.0,0.0,13
449,Suso,ESP,"FW,MF",Sevilla,28,1993,4,0,88,1.0,0,0,0,0,0,1,0,0.0,0.0,0.0,0.0,0.0,16
450,Williot Swedberg,SWE,MF,Celta Vigo,18,2004,1,0,34,0.4,0,0,0,0,0,1,0,0.0,0.0,0.0,0.0,0.0,6
451,Alexander Sørloth,NOR,FW,Real Sociedad,26,1995,10,10,820,9.1,4,1,4,0,0,1,0,0.44,0.11,0.55,0.44,0.55,15
452,Renato Tapia,PER,MF,Celta Vigo,27,1995,11,7,638,7.1,0,0,0,0,0,2,0,0.0,0.0,0.0,0.0,0.0,6
453,Aurélien Tchouaméni,FRA,MF,Real Madrid,22,2000,12,11,900,10.0,0,2,0,0,0,1,0,0.0,0.2,0.2,0.0,0.2,14
454,Alex Telles,BRA,DF,Sevilla,29,1992,13,7,753,8.4,0,2,0,0,0,4,0,0.0,0.24,0.24,0.0,0.24,16
455,Marc-André ter Stegen,GER,GK,Barcelona,30,1992,14,14,1260,14.0,0,0,0,0,0,0,0,0.0,0.0,0.0,0.0,0.0,3
456,Ramón Terrats,ESP,MF,Girona,22,2000,6,1,141,1.6,0,0,0,0,0,0,0,0.0,0.0,0.0,0.0,0.0,10
457,Pablo Torre,ESP,FW,Barcelona,19,2003,1,0,14,0.2,0,0,0,0,0,0,0,0.0,0.0,0.0,0.0,0.0,3
458,Ferrán Torres,ESP,"FW,MF",Barcelona,22,2000,13,6,569,6.3,2,0,2,0,0,3,0,0.32,0.0,0.32,0.32,0.32,3
459,Óliver Torres,ESP,"MF,FW",Sevilla,28,1994,12,12,850,9.4,3,0,3,0,0,1,0,0.32,0.0,0.32,0.32,0.32,16
460,Pau Torres,ESP,DF,Villarreal,25,1997,13,13,1170,13.0,0,0,0,0,0,5,0,0.0,0.0,0.0,0.0,0.0,19
461,Roberto Torres,ESP,"FW,MF",Osasuna,33,1989,2,0,11,0.1,0,0,0,0,0,0,0,0.0,0.0,0.0,0.0,0.0,12
462,Lucas Torró,ESP,MF,Osasuna,28,1994,14,14,1122,12.5,0,0,0,0,0,5,0,0.0,0.0,0.0,0.0,0.0,12
463,Nabil Touaizi,MAR,MF,Espanyol,21,2001,1,0,3,0.0,0,0,0,0,0,0,0,0.0,0.0,0.0,0.0,0.0,8
464,Óscar Trejo,ARG,"MF,FW",Rayo Vallecano,34,1988,12,11,840,9.3,2,2,1,1,2,6,0,0.21,0.21,0.43,0.11,0.32,13
465,Manu Trigueros,ESP,"MF,FW",Villarreal,31,1991,6,2,250,2.8,0,0,0,0,0,1,0,0.0,0.0,0.0,0.0,0.0,19
466,Beñat Turrientes,ESP,"MF,FW",Real Sociedad,20,2002,6,1,106,1.2,0,0,0,0,0,0,0,0.0,0.0,0.0,0.0,0.0,15
467,Enes Ünal,TUR,FW,Getafe,25,1997,14,14,1212,13.5,4,2,4,0,1,3,0,0.3,0.15,0.45,0.3,0.45,9
468,Oscar Ureña,ESP,MF,Girona,19,2003,3,1,100,1.1,0,0,0,0,0,0,0,0.0,0.0,0.0,0.0,0.0,10
469,Óscar Valentín,ESP,MF,Rayo Vallecano,28,1994,14,11,957,10.6,0,0,0,0,0,5,0,0.0,0.0,0.0,0.0,0.0,13
470,Valery,ESP,"MF,DF",Girona,22,1999,9,4,398,4.4,0,1,0,0,0,1,0,0.0,0.23,0.23,0.0,0.23,10
471,Enrique Valiente,ESP,DF,Sevilla,20,2002,5,3,278,3.1,0,1,0,0,0,1,1,0.0,0.32,0.32,0.0,0.32,16
472,Martin Valjent,SVK,DF,Mallorca,26,1995,13,13,1155,12.8,0,0,0,0,0,5,0,0.0,0.0,0.0,0.0,0.0,11
473,Manu Vallejo,ESP,"FW,MF",Girona,25,1997,7,2,206,2.3,0,1,0,0,0,0,0,0.0,0.44,0.44,0.0,0.44,10
474,Federico Valverde,URU,"FW,MF",Real Madrid,24,1998,14,12,1108,12.3,6,2,6,0,0,1,0,0.49,0.16,0.65,0.49,0.65,14
475,Jesus Vazquez,ESP,"DF,MF",Valencia,19,2003,4,2,148,1.6,0,0,0,0,0,1,0,0.0,0.0,0.0,0.0,0.0,17
476,Kevin Vázquez,ESP,MF,Celta Vigo,29,1993,1,1,71,0.8,0,0,0,0,0,0,0,0.0,0.0,0.0,0.0,0.0,6
477,Lucas Vázquez,ESP,DF,Real Madrid,31,1991,8,4,368,4.1,2,0,2,0,0,1,0,0.49,0.0,0.49,0.49,0.49,14
478,Gabriel Veiga,ESP,MF,Celta Vigo,20,2002,13,6,577,6.4,3,1,3,0,0,3,1,0.47,0.16,0.62,0.47,0.62,6
479,Unai Vencedor Paris,ESP,MF,Athletic Club,21,2000,6,0,141,1.6,0,0,0,0,0,2,0,0.0,0.0,0.0,0.0,0.0,1
480,Gonzalo Verdú,ESP,DF,Elche,34,1988,6,5,388,4.3,1,0,1,0,0,1,1,0.23,0.0,0.23,0.23,0.23,7
481,Mikel Vesga,ESP,MF,Athletic Club,29,1993,13,10,925,10.3,2,2,1,1,1,2,0,0.19,0.19,0.39,0.1,0.29,1
482,Aleix Vidal,ESP,"FW,MF",Espanyol,33,1989,9,4,446,5.0,0,0,0,0,0,3,0,0.0,0.0,0.0,0.0,0.0,8
483,Nacho Vidal,ESP,DF,Osasuna,27,1995,13,10,891,9.9,0,0,0,0,0,2,0,0.0,0.0,0.0,0.0,0.0,12
484,Toni Villa,ESP,MF,Valladolid,27,1995,2,1,91,1.0,0,0,0,0,0,0,0,0.0,0.0,0.0,0.0,0.0,18
485,Toni Villa,ESP,"MF,FW",Girona,27,1995,10,3,289,3.2,0,0,0,0,0,1,0,0.0,0.0,0.0,0.0,0.0,10
486,Asier Villalibre,ESP,FW,Athletic Club,25,1997,4,1,92,1.0,0,0,0,0,0,0,0,0.0,0.0,0.0,0.0,0.0,1
487,Daniel Vivian,ESP,DF,Athletic Club,23,1999,8,7,635,7.1,1,0,1,0,0,1,0,0.14,0.0,0.14,0.14,0.14,1
488,Shon Weissman,ISR,FW,Valladolid,26,1996,11,5,561,6.2,1,0,1,0,0,1,0,0.16,0.0,0.16,0.16,0.16,18
489,Iñaki Williams,GHA,FW,Athletic Club,28,1994,14,14,1140,12.7,5,1,5,0,1,0,0,0.39,0.08,0.47,0.39,0.47,1
490,Nico Williams,ESP,FW,Athletic Club,20,2002,14,13,1069,11.9,3,3,3,0,0,0,0,0.25,0.25,0.51,0.25,0.51,1
491,Axel Witsel,BEL,"DF,MF",Atletico Madrid,33,1989,14,12,1067,11.9,0,0,0,0,0,2,0,0.0,0.0,0.0,0.0,0.0,2
492,Jawad El Yamiq,MAR,DF,Valladolid,30,1992,8,5,438,4.9,0,0,0,0,0,0,1,0.0,0.0,0.0,0.0,0.0,18
493,Joseba Zaldúa,ESP,DF,Cadiz,30,1992,10,7,639,7.1,0,1,0,0,0,4,0,0.0,0.14,0.14,0.0,0.14,5
494,Oier Zarraga,ESP,MF,Athletic Club,23,1999,9,1,225,2.5,0,0,0,0,0,1,0,0.0,0.0,0.0,0.0,0.0,1
495,Igor Zubeldia,ESP,DF,Real Sociedad,25,1997,10,8,717,8.0,1,0,1,0,0,4,0,0.13,0.0,0.13,0.13,0.13,15
496,Martín Zubimendi,ESP,MF,Real Sociedad,23,1999,14,13,1151,12.8,1,2,1,0,0,4,0,0.08,0.16,0.23,0.08,0.23,15
497,Haitam Abaida,MAR,FW,Malaga,20,2002,2,0,45,0.5,0,0,0,0,0,0,0,0.0,0.0,0.0,0.0,0.0,33
498,Sabit Abdulai,GHA,MF,Ponferradina,23,1999,12,6,486,5.4,0,1,0,0,0,4,0,0.0,0.19,0.19,0.0,0.19,35
499,Amir Abedzadeh,IRN,GK,Ponferradina,29,1993,11,11,990,11.0,0,0,0,0,0,0,0,0.0,0.0,0.0,0.0,0.0,35
500,Abel,ESP,"MF,FW",Oviedo,22,2000,13,7,650,7.2,0,0,0,0,0,2,0,0.0,0.0,0.0,0.0,0.0,34
501,Abdelkabir Abqar,MAR,DF,Alaves,23,1999,14,13,1143,12.7,1,0,1,0,0,4,0,0.08,0.0,0.08,0.08,0.08,20
502,Daniel Aceves,MEX,DF,Oviedo,21,2001,10,10,786,8.7,0,0,0,0,0,1,1,0.0,0.0,0.0,0.0,0.0,34
503,Paris Adot,ESP,DF,Ponferradina,32,1990,13,12,1086,12.1,0,1,0,0,0,5,0,0.0,0.08,0.08,0.0,0.08,35
504,Lumor Agbenyenu,GHA,MF,Malaga,26,1996,1,1,45,0.5,0,0,0,0,0,0,0,0.0,0.0,0.0,0.0,0.0,33
505,Marc Aguado,ESP,MF,Andorra,22,2000,12,12,1009,11.2,0,0,0,0,0,1,0,0.0,0.0,0.0,0.0,0.0,22
506,Lucas Ahijado,ESP,DF,Oviedo,27,1995,14,13,1179,13.1,0,1,0,0,0,1,0,0.0,0.08,0.08,0.0,0.08,34
507,Matheus Aiás,BRA,"FW,MF",Racing Sant,25,1996,11,6,644,7.2,1,0,1,0,0,1,0,0.14,0.0,0.14,0.14,0.14,36
508,Ager Aketxe,ESP,MF,Eibar,28,1993,11,5,468,5.2,0,6,0,0,0,3,0,0.0,1.15,1.15,0.0,1.15,26
509,Alberto,ESP,DF,Lugo,29,1992,11,11,964,10.7,2,0,2,0,0,1,2,0.19,0.0,0.19,0.19,0.19,32
510,Pedro Alcalá,ESP,DF,Cartagena,33,1989,14,14,1179,13.1,2,0,2,0,0,4,1,0.15,0.0,0.15,0.15,0.15,24
511,Aldair,POR,"MF,DF",Ponferradina,23,1999,8,4,347,3.9,0,0,0,0,0,1,0,0.0,0.0,0.0,0.0,0.0,35
512,Aldasoro,ESP,"MF,DF",Racing Sant,23,1999,12,2,331,3.7,0,0,0,0,0,4,1,0.0,0.0,0.0,0.0,0.0,36
513,Diego Alende,ESP,DF,Andorra,25,1997,10,10,900,10.0,0,0,0,0,0,0,0,0.0,0.0,0.0,0.0,0.0,22
514,Alfon,ESP,FW,Racing Sant,23,1999,5,2,168,1.9,0,0,0,0,0,0,0,0.0,0.0,0.0,0.0,0.0,36
515,Christos Almpanis,GRE,FW,Andorra,28,1994,9,6,497,5.5,0,2,0,0,0,0,0,0.0,0.36,0.36,0.0,0.36,22
516,Javier Alonso,ESP,MF,Tenerife,24,1998,7,4,322,3.6,0,0,0,0,0,1,0,0.0,0.0,0.0,0.0,0.0,38
517,Julio Alonso,ESP,DF,Albacete,23,1998,14,12,1111,12.3,0,1,0,0,0,2,1,0.0,0.08,0.08,0.0,0.08,21
518,Adrià Altimira,ESP,"FW,MF",Andorra,21,2001,14,9,889,9.9,1,2,1,0,0,2,0,0.1,0.2,0.3,0.1,0.3,22
519,Altube,ESP,GK,Albacete,22,2000,2,2,180,2.0,0,0,0,0,0,0,0,0.0,0.0,0.0,0.0,0.0,21
520,Cristian Álvarez,ARG,GK,Zaragoza,36,1985,15,15,1350,15.0,0,0,0,0,0,1,0,0.0,0.0,0.0,0.0,0.0,41
521,Fran Álvarez,ESP,MF,Albacete,24,1998,6,2,169,1.9,0,0,0,0,0,1,0,0.0,0.0,0.0,0.0,0.0,21
522,Iker Álvarez,AND,GK,Villarreal B,21,2001,4,4,360,4.0,0,0,0,0,0,0,0,0.0,0.0,0.0,0.0,0.0,40
523,Sergio Álvarez,ESP,"MF,DF",Eibar,30,1992,15,15,1283,14.3,0,0,0,0,0,2,0,0.0,0.0,0.0,0.0,0.0,26
524,Jair Amador,EQG,DF,Zaragoza,33,1989,13,12,1060,11.8,0,0,0,0,0,2,0,0.0,0.0,0.0,0.0,0.0,41
525,Jose Amo,ESP,DF,Ponferradina,24,1998,12,10,812,9.0,1,0,1,0,0,5,0,0.11,0.0,0.11,0.11,0.11,35
526,Florin Andone,ROU,FW,Las Palmas,29,1993,4,2,113,1.3,1,0,1,0,0,2,0,0.8,0.0,0.8,0.8,0.8,29
527,Andy,ESP,MF,Burgos,32,1990,2,2,135,1.5,0,0,0,0,0,0,0,0.0,0.0,0.0,0.0,0.0,23
528,José Ángel Carrillo,ESP,FW,Huesca,28,1994,8,5,384,4.3,2,0,2,0,0,0,0,0.47,0.0,0.47,0.47,0.47,28
529,José Ángel,ESP,DF,Sporting Gijon,33,1989,12,10,907,10.1,0,4,0,0,0,1,0,0.0,0.4,0.4,0.0,0.4,37
530,Miguel Ángel Rubio,ESP,DF,Granada,24,1998,14,13,1171,13.0,1,0,1,0,0,1,0,0.08,0.0,0.08,0.08,0.08,27
531,Hugo Anglada,ESP,DF,Huesca,18,2004,3,3,225,2.5,0,0,0,0,0,0,0,0.0,0.0,0.0,0.0,0.0,28
532,Paul Anton,ROU,MF,Ponferradina,31,1991,1,0,4,0.0,0,0,0,0,0,0,0,0.0,0.0,0.0,0.0,0.0,35
533,José Antonio Ríos,ESP,DF,Eibar,32,1990,3,2,191,2.1,0,0,0,0,0,0,0,0.0,0.0,0.0,0.0,0.0,26
534,Arvin Appiah,ENG,MF,Tenerife,21,2001,10,3,396,4.4,0,1,0,0,0,0,0,0.0,0.23,0.23,0.0,0.23,38
535,Kévin Appin,MTQ,"MF,FW",UD Ibiza,24,1998,12,8,704,7.8,0,2,0,0,0,1,0,0.0,0.26,0.26,0.0,0.26,39
536,Arana,ESP,FW,Villarreal B,22,2000,9,3,329,3.7,2,0,2,0,0,1,0,0.55,0.0,0.55,0.55,0.55,40
537,Anaitz Arbilla,ESP,DF,Eibar,35,1987,12,11,992,11.0,0,0,0,0,0,3,0,0.0,0.0,0.0,0.0,0.0,26
538,Jesús Areso,ESP,DF,Burgos,23,1999,10,5,467,5.2,0,1,0,0,0,1,0,0.0,0.19,0.19,0.0,0.19,23
539,Matias Arezo,URU,"MF,FW",Granada,19,2002,8,2,204,2.3,1,0,1,0,0,1,0,0.44,0.0,0.44,0.44,0.44,27
540,David Argüelles,ESP,DF,Sporting Gijon,20,2002,1,0,11,0.1,0,0,0,0,0,0,0,0.0,0.0,0.0,0.0,0.0,37
541,José Arnaiz,ESP,"FW,MF",Leganes,27,1995,15,15,1309,14.5,3,0,3,0,0,2,0,0.21,0.0,0.21,0.21,0.21,30
542,Óscar Arribas,ESP,"MF,FW",Cartagena,24,1998,10,2,257,2.9,1,0,1,0,0,0,0,0.35,0.0,0.35,0.35,0.35,24
543,Anderson Arroyo,COL,DF,Alaves,23,1999,8,6,579,6.4,0,0,0,0,0,0,0,0.0,0.0,0.0,0.0,0.0,20
544,Juan Artola,ESP,"FW,MF",Burgos,22,2000,12,5,455,5.1,2,0,2,0,0,2,1,0.4,0.0,0.4,0.4,0.4,23
545,Miguel Atienza,ESP,MF,Burgos,23,1999,15,12,1124,12.5,0,1,0,0,0,2,0,0.0,0.08,0.08,0.0,0.08,23
546,Javier Avilés,ESP,FW,Leganes,25,1997,3,0,14,0.2,0,0,0,0,0,0,1,0.0,0.0,0.0,0.0,0.0,30
547,Miguel Azeez,ENG,"MF,FW",UD Ibiza,20,2002,8,5,482,5.4,0,0,0,0,0,2,0,0.0,0.0,0.0,0.0,0.0,39
548,Baena,ESP,"FW,MF",Lugo,22,2000,12,4,422,4.7,1,1,1,0,0,0,0,0.21,0.21,0.43,0.21,0.43,32
549,Sinan Bakış,TUR,FW,Andorra,28,1994,10,5,511,5.7,4,2,3,1,1,3,0,0.7,0.35,1.06,0.53,0.88,22
550,Alex Balboa,EQG,MF,Alaves,21,2001,6,1,116,1.3,0,0,0,0,0,0,0,0.0,0.0,0.0,0.0,0.0,20
551,Axel Bamba,FRA,DF,Sporting Gijon,23,1999,7,3,277,3.1,0,0,0,0,0,0,0,0.0,0.0,0.0,0.0,0.0,37
552,Barbu,ESP,DF,CD Mirandes,21,2001,4,4,360,4.0,0,0,0,0,0,1,0,0.0,0.0,0.0,0.0,0.0,25
553,Bernabé Barragán,ESP,GK,Albacete,29,1993,13,13,1170,13.0,0,0,0,0,0,3,0,0.0,0.0,0.0,0.0,0.0,21
554,Manu Barreiro,ESP,FW,Lugo,36,1986,11,9,736,8.2,2,1,1,1,1,2,0,0.24,0.12,0.37,0.12,0.24,32
555,Dani Barrio,ESP,GK,Burgos,35,1987,2,1,150,1.7,0,0,0,0,0,0,0,0.0,0.0,0.0,0.0,0.0,23
556,Thierno Barry,GUI,FW,Tenerife,22,2000,1,0,3,0.0,0,0,0,0,0,0,0,0.0,0.0,0.0,0.0,0.0,38
557,Borja Bastón,ESP,FW,Oviedo,30,1992,15,14,1243,13.8,5,0,2,3,3,2,0,0.36,0.0,0.36,0.14,0.14,34
558,Jon Bautista,ESP,FW,Eibar,27,1995,11,6,571,6.3,2,0,2,0,0,1,0,0.32,0.0,0.32,0.32,0.32,26
559,Carlos Benavídez,URU,MF,Alaves,24,1998,12,10,799,8.9,0,0,0,0,0,5,1,0.0,0.0,0.0,0.0,0.0,20
560,Saúl Berjón,ESP,"FW,MF",Burgos,36,1986,8,0,66,0.7,0,1,0,0,0,0,0,0.0,1.36,1.36,0.0,1.36,23
561,Álex Bermejo,ESP,"MF,FW",Burgos,23,1998,15,13,1051,11.7,2,0,1,1,1,3,0,0.17,0.0,0.17,0.09,0.09,23
562,Sergio Bermejo,ESP,"MF,FW",Zaragoza,25,1997,11,10,714,7.9,0,1,0,0,0,0,0,0.0,0.13,0.13,0.0,0.13,41
563,Juan Berrocal González,ESP,DF,Eibar,23,1999,12,11,852,9.5,0,0,0,0,0,5,0,0.0,0.0,0.0,0.0,0.0,26
564,Gustavo Blanco Leschuk,ARG,FW,Eibar,31,1991,12,6,589,6.5,2,0,2,0,0,3,0,0.31,0.0,0.31,0.31,0.31,26
565,Jérémy Blasco,FRA,DF,Huesca,23,1999,7,7,630,7.0,0,0,0,0,0,1,0,0.0,0.0,0.0,0.0,0.0,28
566,Pablo de Blasis,ARG,"MF,FW",Cartagena,34,1988,15,15,1311,14.6,1,4,1,0,0,2,0,0.07,0.27,0.34,0.07,0.34,24
567,Yann Bodiger,FRA,MF,Granada,27,1995,14,14,1180,13.1,0,0,0,0,0,4,0,0.0,0.0,0.0,0.0,0.0,27
568,Mateusz Bogusz,POL,MF,UD Ibiza,21,2001,7,1,198,2.2,0,0,0,0,0,0,1,0.0,0.0,0.0,0.0,0.0,39
569,Mohamed Bouldini,MAR,FW,Levante,26,1995,10,6,514,5.7,3,1,3,0,0,5,0,0.53,0.18,0.7,0.53,0.7,31
570,Ruben Bover,ESP,MF,Andorra,30,1992,7,5,379,4.2,0,1,0,0,0,0,0,0.0,0.24,0.24,0.0,0.24,22
571,Flavien Boyomo,FRA,DF,Albacete,21,2001,15,15,1349,15.0,0,0,0,0,0,4,0,0.0,0.0,0.0,0.0,0.0,21
572,Quentin Braat,FRA,GK,Oviedo,25,1997,1,1,90,1.0,0,0,0,0,0,1,0,0.0,0.0,0.0,0.0,0.0,34
573,Brugui,ESP,"MF,FW",Levante,26,1996,12,8,654,7.3,2,0,2,0,0,1,1,0.28,0.0,0.28,0.28,0.28,31
574,Mustapha Bundu,SLE,FW,Andorra,25,1997,9,3,282,3.1,0,0,0,0,0,0,0,0.0,0.0,0.0,0.0,0.0,22
575,Aitor Buñuel,ESP,DF,Tenerife,24,1998,6,4,337,3.7,0,0,0,0,0,1,0,0.0,0.0,0.0,0.0,0.0,38
576,Esteban Burgos,ARG,DF,Malaga,30,1992,9,9,661,7.3,0,0,0,0,0,3,1,0.0,0.0,0.0,0.0,0.0,33
577,Unai Bustinza,ESP,DF,Malaga,30,1992,6,5,430,4.8,0,0,0,0,0,2,1,0.0,0.0,0.0,0.0,0.0,33
578,Erick Cabaco,URU,DF,Granada,27,1995,7,4,399,4.4,0,0,0,0,0,1,1,0.0,0.0,0.0,0.0,0.0,27
579,Jordi Calavera,ESP,DF,Lugo,27,1995,6,3,256,2.8,0,0,0,0,0,1,0,0.0,0.0,0.0,0.0,0.0,32
580,Iván Calero,ESP,"DF,MF",Cartagena,27,1995,15,15,1303,14.5,1,3,1,0,0,4,0,0.07,0.21,0.28,0.07,0.28,24
581,José Callejón,ESP,FW,Granada,35,1987,15,14,1184,13.2,2,3,2,0,0,2,0,0.15,0.23,0.38,0.15,0.38,27
582,Dani Calvo,ESP,DF,Oviedo,28,1994,10,9,838,9.3,0,0,0,0,0,2,0,0.0,0.0,0.0,0.0,0.0,34
583,Suleiman Camara Sanneh,SWE,MF,UD Ibiza,20,2001,15,10,803,8.9,2,1,2,0,0,2,0,0.22,0.11,0.34,0.22,0.34,39
584,José Campaña,ESP,MF,Levante,29,1993,6,5,400,4.4,1,0,0,1,1,2,0,0.23,0.0,0.23,0.0,0.0,31
585,Gaspar Campos,ESP,MF,Sporting Gijon,22,2000,1,0,6,0.1,0,0,0,0,0,0,0,0.0,0.0,0.0,0.0,0.0,37
586,Gaspar Campos,ESP,MF,Burgos,22,2000,13,6,550,6.1,2,0,2,0,0,0,0,0.33,0.0,0.33,0.33,0.33,23
587,Víctor Campuzano,ESP,"FW,MF",Sporting Gijon,25,1997,7,3,257,2.9,1,0,1,0,0,1,0,0.35,0.0,0.35,0.35,0.35,37
588,Marco Camús,ESP,MF,Racing Sant,20,2001,15,4,536,6.0,0,0,0,0,0,1,0,0.0,0.0,0.0,0.0,0.0,36
589,Álex Cantero,ESP,"MF,FW",Levante,22,2000,9,3,297,3.3,2,1,2,0,0,0,0,0.61,0.3,0.91,0.61,0.91,31
590,Marc Carbó,ESP,MF,Lugo,28,1994,7,3,281,3.1,0,0,0,0,0,1,0,0.0,0.0,0.0,0.0,0.0,32
591,Cárdenas,ESP,GK,Levante,25,1997,15,15,1350,15.0,0,1,0,0,0,3,0,0.0,0.07,0.07,0.0,0.07,31
592,Marc Cardona,ESP,FW,Las Palmas,27,1995,11,9,761,8.5,4,0,3,1,1,2,0,0.47,0.0,0.47,0.35,0.35,29
593,Sergi Cardona,ESP,DF,Las Palmas,23,1999,14,13,1145,12.7,0,2,0,0,0,2,0,0.0,0.16,0.16,0.0,0.16,29
594,Carlo,ESP,"MF,FW",Villarreal B,21,2001,10,9,786,8.7,1,1,1,0,0,3,0,0.11,0.11,0.23,0.11,0.23,40
595,José Carlos,POR,DF,UD Ibiza,24,1998,6,5,382,4.2,0,0,0,0,0,1,0,0.0,0.0,0.0,0.0,0.0,39
596,Juan Carlos,ESP,FW,Huesca,31,1991,14,8,879,9.8,3,0,2,1,1,4,0,0.31,0.0,0.31,0.2,0.2,28
597,Andrés Caro,ESP,DF,Malaga,18,2004,1,0,6,0.1,0,0,0,0,0,0,0,0.0,0.0,0.0,0.0,0.0,33
598,Salifo Caropitche,GNB,FW,CD Mirandes,21,2001,1,0,3,0.0,0,0,0,0,0,1,0,0.0,0.0,0.0,0.0,0.0,25
599,Sergio Carreira,ESP,"DF,MF",Villarreal B,22,2000,9,5,492,5.5,0,0,0,0,0,0,0,0.0,0.0,0.0,0.0,0.0,40
600,Jordan Carrillo,MEX,MF,Sporting Gijon,20,2001,3,1,108,1.2,0,0,0,0,0,0,0,0.0,0.0,0.0,0.0,0.0,37
601,Sergio Castel,ESP,FW,UD Ibiza,27,1995,11,3,465,5.2,0,1,0,0,0,3,0,0.0,0.19,0.19,0.0,0.19,39
602,Adri Castellano,ESP,MF,Ponferradina,28,1994,2,1,79,0.9,0,0,0,0,0,1,0,0.0,0.0,0.0,0.0,0.0,35
603,Nacho Castillo,ESP,MF,CD Mirandes,22,2000,3,0,31,0.3,0,0,0,0,0,0,0,0.0,0.0,0.0,0.0,0.0,25
604,Rubén Castro,ESP,FW,Malaga,41,1981,15,14,1225,13.6,3,2,3,0,0,0,0,0.22,0.15,0.37,0.22,0.37,33
605,Karim Chaban,ALG,MF,Albacete,22,2000,1,0,2,0.0,0,0,0,0,0,0,0,0.0,0.0,0.0,0.0,0.0,21
606,Pablo Chavarría,ARG,FW,Malaga,34,1988,7,1,138,1.5,0,0,0,0,0,0,0,0.0,0.0,0.0,0.0,0.0,33
607,Pep Chavarría,ESP,DF,Zaragoza,24,1998,2,2,180,2.0,0,0,0,0,0,0,0,0.0,0.0,0.0,0.0,0.0,41
608,Chema,ESP,DF,Eibar,30,1992,2,0,8,0.1,0,0,0,0,0,1,0,0.0,0.0,0.0,0.0,0.0,26
609,Churripi,ESP,GK,Burgos,28,1994,14,14,1197,13.3,0,0,0,0,0,1,1,0.0,0.0,0.0,0.0,0.0,23
610,Seydouba Cissé,GUI,MF,Leganes,21,2001,12,9,738,8.2,0,1,0,0,0,2,0,0.0,0.12,0.12,0.0,0.12,30
611,Pablo Clavería,ESP,MF,Lugo,26,1996,14,7,536,6.0,0,0,0,0,0,2,0,0.0,0.0,0.0,0.0,0.0,32
612,Enrique Clemente,ESP,DF,Las Palmas,23,1999,3,2,140,1.6,0,0,0,0,0,1,0,0.0,0.0,0.0,0.0,0.0,29
613,Óscar Clemente,ESP,MF,Las Palmas,23,1999,11,10,730,8.1,0,1,0,0,0,0,0,0.0,0.12,0.12,0.0,0.12,29
614,Saúl Coco,EQG,DF,Las Palmas,23,1999,11,9,778,8.6,0,0,0,0,0,1,0,0.0,0.0,0.0,0.0,0.0,29
615,Coke,ESP,DF,UD Ibiza,35,1987,5,3,317,3.5,0,0,0,0,0,1,0,0.0,0.0,0.0,0.0,0.0,39
616,Diego Collado,ESP,"MF,FW",Villarreal B,21,2001,15,14,1050,11.7,2,1,2,0,0,2,0,0.17,0.09,0.26,0.17,0.26,40
617,Aitor Córdoba,ESP,DF,Burgos,27,1995,15,15,1350,15.0,0,0,0,0,0,3,0,0.0,0.0,0.0,0.0,0.0,23
618,José Corpas,ESP,MF,Eibar,31,1991,15,12,889,9.9,2,0,1,1,1,2,0,0.2,0.0,0.2,0.1,0.1,26
619,Rober Correa,ESP,DF,Eibar,30,1992,8,4,410,4.6,0,0,0,0,0,2,1,0.0,0.0,0.0,0.0,0.0,26
620,Álex Corredera,ESP,MF,Tenerife,26,1996,6,5,406,4.5,0,0,0,0,0,0,2,0.0,0.0,0.0,0.0,0.0,38
621,David Costas,ESP,DF,Oviedo,27,1995,5,5,405,4.5,0,0,0,0,0,1,0,0.0,0.0,0.0,0.0,0.0,34
622,Jaume Cuéllar,BOL,"MF,FW",Lugo,21,2001,15,11,933,10.4,1,3,1,0,0,0,0,0.1,0.29,0.39,0.1,0.39,32
623,Eric Curbelo,ESP,DF,Las Palmas,28,1994,15,13,1200,13.3,0,1,0,0,0,4,0,0.0,0.07,0.07,0.0,0.07,29
624,Curro,ESP,MF,Burgos,26,1996,9,8,644,7.2,2,0,2,0,0,0,1,0.28,0.0,0.28,0.28,0.28,23
625,Dali,ESP,FW,Racing Sant,22,2000,1,0,8,0.1,0,0,0,0,0,0,0,0.0,0.0,0.0,0.0,0.0,36
626,Toni Datković,CRO,DF,Cartagena,29,1993,14,14,1260,14.0,0,2,0,0,0,7,0,0.0,0.14,0.14,0.0,0.14,24
627,Alberto Del Moral,ESP,MF,Villarreal B,22,2000,14,14,1260,14.0,0,2,0,0,0,3,0,0.0,0.14,0.14,0.0,0.14,40
628,Jorge Delgado,ESP,FW,Racing Sant,20,2002,1,0,1,0.0,0,0,0,0,0,0,0,0.0,0.0,0.0,0.0,0.0,36
629,Moisés Delgado,ESP,"DF,MF",Ponferradina,28,1994,13,9,798,8.9,0,1,0,0,0,1,0,0.0,0.11,0.11,0.0,0.11,35
630,Julián Delmás,ESP,DF,Cartagena,27,1995,5,1,150,1.7,0,1,0,0,0,0,0,0.0,0.6,0.6,0.0,0.6,24
631,Moussa Diarra,ESP,DF,Malaga,20,2002,1,1,90,1.0,0,0,0,0,0,1,0,0.0,0.0,0.0,0.0,0.0,33
632,Pedro Díaz,ESP,MF,Sporting Gijon,24,1998,10,8,674,7.5,1,1,1,0,0,1,0,0.13,0.13,0.27,0.13,0.27,37
633,Víctor Díaz,ESP,DF,Granada,34,1988,9,8,760,8.4,0,0,0,0,0,2,0,0.0,0.0,0.0,0.0,0.0,27
634,Adrián Diéguez,ESP,DF,Ponferradina,26,1996,11,8,750,8.3,0,1,0,0,0,4,0,0.0,0.12,0.12,0.0,0.12,35
635,Papakouli Diop,SEN,MF,UD Ibiza,36,1986,8,5,445,4.9,0,0,0,0,0,1,0,0.0,0.0,0.0,0.0,0.0,39
636,Mohammed Djetei,CMR,DF,Albacete,28,1994,15,13,1234,13.7,0,0,0,0,0,1,0,0.0,0.0,0.0,0.0,0.0,21
637,Rubén Duarte,ESP,DF,Alaves,27,1995,12,9,845,9.4,0,2,0,0,0,6,0,0.0,0.21,0.21,0.0,0.21,20
638,Jonathan Dubasin,BEL,"FW,MF",Albacete,22,2000,15,9,886,9.8,4,2,4,0,0,3,0,0.41,0.2,0.61,0.41,0.61,21
639,Riza Durmisi,DEN,"DF,MF",Leganes,28,1994,8,4,470,5.2,0,0,0,0,0,2,0,0.0,0.0,0.0,0.0,0.0,30
640,Unai Elgezabal,ESP,"MF,DF",Burgos,29,1993,15,15,1350,15.0,0,0,0,0,0,2,0,0.0,0.0,0.0,0.0,0.0,23
641,Juergen Elitim,COL,MF,Racing Sant,23,1999,11,11,875,9.7,0,0,0,0,0,4,1,0.0,0.0,0.0,0.0,0.0,36
642,Sergi Enrich,ESP,FW,Oviedo,32,1990,13,7,609,6.8,2,0,2,0,0,1,1,0.3,0.0,0.3,0.3,0.3,34
643,Ramón Enríquez,ESP,MF,Malaga,21,2001,11,3,435,4.8,0,0,0,0,0,2,0,0.0,0.0,0.0,0.0,0.0,33
644,Aarón Escandell,ESP,GK,Cartagena,27,1995,11,11,990,11.0,0,0,0,0,0,1,0,0.0,0.0,0.0,0.0,0.0,24
645,Alberto Escassi,ESP,"DF,MF",Malaga,33,1989,13,13,1068,11.9,1,0,1,0,0,1,0,0.08,0.0,0.08,0.08,0.08,33
646,Gonzalo Escobar,ARG,"DF,MF",UD Ibiza,25,1997,9,6,630,7.0,0,0,0,0,0,2,0,0.0,0.0,0.0,0.0,0.0,39
647,Dani Escriche,ESP,"FW,MF",Huesca,24,1998,10,7,611,6.8,0,1,0,0,0,1,0,0.0,0.15,0.15,0.0,0.15,28
648,Dani Esmorís,ESP,DF,Villarreal B,22,2000,15,13,1193,13.3,1,1,1,0,0,2,0,0.08,0.08,0.15,0.08,0.15,40
649,Eduardo Espiau,ESP,FW,Ponferradina,27,1994,15,5,611,6.8,2,0,2,0,0,4,0,0.29,0.0,0.29,0.29,0.29,35
650,Etyan,ESP,FW,Tenerife,20,2002,1,0,2,0.0,0,0,0,0,0,0,0,0.0,0.0,0.0,0.0,0.0,38
651,Euse,ESP,DF,Huesca,21,2000,2,0,26,0.3,0,0,0,0,0,0,0,0.0,0.0,0.0,0.0,0.0,28
652,Mamadou Fall,SEN,DF,Villarreal B,19,2002,12,12,1080,12.0,2,0,2,0,0,2,0,0.17,0.0,0.17,0.17,0.17,40
653,Aleix Febas,ESP,MF,Malaga,26,1996,15,13,1100,12.2,0,0,0,0,0,2,0,0.0,0.0,0.0,0.0,0.0,33
654,Jesús Fernández Alonso,ESP,DF,Lugo,22,2000,7,5,477,5.3,0,0,0,0,0,0,0,0.0,0.0,0.0,0.0,0.0,32
655,Andrés Fernández,ESP,GK,Huesca,35,1986,15,15,1350,15.0,0,0,0,0,0,0,0,0.0,0.0,0.0,0.0,0.0,28
656,Dani Fernandez,ESP,"DF,MF",Racing Sant,25,1997,12,8,754,8.4,0,0,0,0,0,0,0,0.0,0.0,0.0,0.0,0.0,36
657,Marc Fernández,ESP,FW,Andorra,32,1990,9,6,476,5.3,0,0,0,0,0,0,0,0.0,0.0,0.0,0.0,0.0,22
658,Raúl Fernández,ESP,GK,Granada,34,1988,9,8,746,8.3,0,0,0,0,0,0,0,0.0,0.0,0.0,0.0,0.0,27
659,Juan Ferney Otero,COL,MF,Sporting Gijon,27,1995,15,15,1183,13.1,2,0,2,0,0,1,0,0.15,0.0,0.15,0.15,0.15,37
660,André Ferreira,POR,GK,Granada,26,1996,7,7,604,6.7,0,0,0,0,0,0,0,0.0,0.0,0.0,0.0,0.0,27
661,David Ferreiro,ESP,"MF,FW",Cartagena,34,1988,3,3,187,2.1,0,0,0,0,0,0,0,0.0,0.0,0.0,0.0,0.0,24
662,Franchu Feuillassier,ARG,"MF,FW",Cartagena,24,1998,7,2,254,2.8,0,0,0,0,0,3,0,0.0,0.0,0.0,0.0,0.0,24
663,Marcelo Flores,MEX,"FW,MF",Oviedo,19,2003,9,3,331,3.7,0,1,0,0,0,0,0,0.0,0.27,0.27,0.0,0.27,34
664,Issa Fomba,MLI,MF,Malaga,21,2001,2,0,46,0.5,0,0,0,0,0,0,0,0.0,0.0,0.0,0.0,0.0,33
665,Álex Forés,ESP,FW,Villarreal B,21,2001,6,1,171,1.9,0,0,0,0,0,0,0,0.0,0.0,0.0,0.0,0.0,40
666,Alejandro Francés,ESP,DF,Zaragoza,20,2002,8,8,720,8.0,0,0,0,0,0,2,0,0.0,0.0,0.0,0.0,0.0,41
667,Enric Franquesa,ESP,DF,Levante,25,1997,9,5,468,5.2,0,0,0,0,0,0,0,0.0,0.0,0.0,0.0,0.0,31
668,Jorge de Frutos,ESP,"MF,FW",Levante,25,1997,14,10,949,10.5,2,2,2,0,0,3,0,0.19,0.19,0.38,0.19,0.38,31
669,Gabriel Fuentes,COL,DF,Zaragoza,25,1997,11,11,990,11.0,0,1,0,0,0,1,0,0.0,0.09,0.09,0.0,0.09,41
670,Manuel Fuster,ESP,"MF,FW",Albacete,25,1997,15,13,1183,13.1,2,3,2,0,0,1,0,0.15,0.23,0.38,0.15,0.38,21
671,Daniel Fuzato,BRA,GK,UD Ibiza,25,1997,15,15,1350,15.0,0,0,0,0,0,1,0,0.0,0.0,0.0,0.0,0.0,39
672,Álex Gallar,ESP,MF,Malaga,30,1992,9,8,631,7.0,1,3,1,0,0,0,0,0.14,0.43,0.57,0.14,0.57,33
673,Enric Gallego,ESP,FW,Tenerife,36,1986,15,14,1234,13.7,3,1,1,2,2,3,0,0.22,0.07,0.29,0.07,0.15,38
674,Álex Gálvez,ESP,"DF,MF",UD Ibiza,33,1989,8,4,360,4.0,0,0,0,0,0,3,0,0.0,0.0,0.0,0.0,0.0,39
675,Fran Gámez,ESP,DF,Zaragoza,31,1991,14,12,973,10.8,0,0,0,0,0,3,0,0.0,0.0,0.0,0.0,0.0,41
676,Borja Garcés,ESP,FW,Tenerife,23,1999,12,5,521,5.8,2,0,2,0,0,1,1,0.35,0.0,0.35,0.35,0.35,38
677,Aitor García,ESP,MF,Sporting Gijon,28,1994,7,3,265,2.9,2,0,2,0,0,1,0,0.68,0.0,0.68,0.68,0.68,37
678,Álvaro García,ESP,"DF,MF",UD Ibiza,22,2000,5,4,277,3.1,0,0,0,0,0,2,0,0.0,0.0,0.0,0.0,0.0,39
679,Antonio Cristian Glauder García,ESP,DF,Albacete,27,1995,5,2,166,1.8,0,0,0,0,0,1,0,0.0,0.0,0.0,0.0,0.0,21
680,Fran García,ESP,DF,Burgos,29,1992,10,9,806,9.0,0,1,0,0,0,1,0,0.0,0.11,0.11,0.0,0.11,23
681,Francisco Jesús Crespo García,ESP,"MF,FW",Las Palmas,26,1996,9,3,344,3.8,0,0,0,0,0,0,0,0.0,0.0,0.0,0.0,0.0,29
682,Juanma García,ESP,"FW,MF",Albacete,31,1991,10,8,664,7.4,1,1,1,0,0,1,0,0.14,0.14,0.27,0.14,0.27,21
683,Manu García,ESP,MF,CD Mirandes,36,1986,11,2,254,2.8,1,0,1,0,0,4,0,0.35,0.0,0.35,0.35,0.35,25
684,Naim García,ESP,"MF,FW",Leganes,20,2002,9,5,386,4.3,2,0,2,0,0,1,0,0.47,0.0,0.47,0.47,0.47,30
685,Saúl García,ESP,DF,Racing Sant,28,1994,6,1,135,1.5,0,0,0,0,0,0,0,0.0,0.0,0.0,0.0,0.0,36
686,Sergi García,ESP,MF,Albacete,23,1999,2,0,7,0.1,0,0,0,0,0,0,0,0.0,0.0,0.0,0.0,0.0,21
687,Manu Garrido,ESP,FW,Leganes,22,2000,3,0,11,0.1,0,0,0,0,0,0,0,0.0,0.0,0.0,0.0,0.0,30
688,Sékou Gassama,SEN,FW,Racing Sant,27,1995,5,5,330,3.7,1,0,1,0,0,2,0,0.27,0.0,0.27,0.27,0.27,36
689,Gelabert,ESP,MF,CD Mirandes,22,2000,3,0,102,1.1,1,0,1,0,0,0,0,0.88,0.0,0.88,0.88,0.88,25
690,Tiago Geralnik,ARG,MF,Villarreal B,19,2003,6,4,251,2.8,0,0,0,0,0,1,0,0.0,0.0,0.0,0.0,0.0,40
691,Mourad El Ghezouani,MAR,FW,Burgos,24,1998,12,7,604,6.7,2,0,2,0,0,3,0,0.3,0.0,0.3,0.3,0.3,23
692,Gianni,ESP,GK,Villarreal B,30,1992,3,3,270,3.0,0,0,0,0,0,0,0,0.0,0.0,0.0,0.0,0.0,40
693,Iván Gil,ESP,"MF,FW",Andorra,22,2000,9,5,458,5.1,1,0,1,0,0,0,0,0.2,0.0,0.2,0.2,0.2,22
694,David Goldar,ESP,DF,UD Ibiza,28,1994,9,8,721,8.0,0,0,0,0,0,3,0,0.0,0.0,0.0,0.0,0.0,39
695,Borja González,ESP,DF,Burgos,26,1995,13,8,753,8.4,0,0,0,0,0,0,0,0.0,0.0,0.0,0.0,0.0,23
696,Cristo González,ESP,"FW,MF",Sporting Gijon,25,1997,13,9,688,7.6,4,0,4,0,0,2,0,0.52,0.0,0.52,0.52,0.52,37
697,Daniel González,ESP,FW,Albacete,20,2002,3,0,10,0.1,0,0,0,0,0,0,0,0.0,0.0,0.0,0.0,0.0,21
698,Fabio González,ESP,MF,Las Palmas,25,1997,11,3,396,4.4,0,1,0,0,0,2,0,0.0,0.23,0.23,0.0,0.23,29
699,Roberto González,ESP,MF,Alaves,21,2001,9,2,301,3.3,0,1,0,0,0,1,0,0.0,0.3,0.3,0.0,0.3,20
700,Rubén González,ESP,DF,Racing Sant,28,1994,14,13,1197,13.3,0,0,0,0,0,1,0,0.0,0.0,0.0,0.0,0.0,36
701,Sergio González,ESP,"DF,MF",Tenerife,25,1997,5,4,371,4.1,0,0,0,0,0,2,0,0.0,0.0,0.0,0.0,0.0,38
702,José Gragera,ESP,MF,Sporting Gijon,21,2000,10,7,706,7.8,2,0,2,0,0,1,0,0.25,0.0,0.25,0.25,0.25,37
703,Jaume Grau,ESP,MF,Zaragoza,25,1997,14,14,1164,12.9,1,0,1,0,0,5,1,0.08,0.0,0.08,0.08,0.08,41
704,Francisco Grimà Aguilera,ESP,DF,UD Ibiza,35,1987,8,7,625,6.9,0,0,0,0,0,0,0,0.0,0.0,0.0,0.0,0.0,39
705,Makhtar Gueye,SEN,FW,Zaragoza,24,1997,8,2,239,2.7,0,0,0,0,0,0,0,0.0,0.0,0.0,0.0,0.0,41
706,Jon Guridi,ESP,"MF,FW",Alaves,27,1995,14,12,1084,12.0,0,1,0,0,1,1,0,0.0,0.08,0.08,0.0,0.08,20
707,Cristian Gutierrez,ESP,MF,Malaga,21,2000,6,3,323,3.6,2,0,2,0,0,1,0,0.56,0.0,0.56,0.56,0.56,33
708,Hacen,MTN,"FW,MF",Lugo,24,1997,12,4,435,4.8,0,0,0,0,0,2,1,0.0,0.0,0.0,0.0,0.0,32
709,Taichi Hara,JPN,FW,Alaves,23,1999,11,2,330,3.7,1,0,1,0,0,0,0,0.27,0.0,0.27,0.27,0.27,20
710,Kento Hashimoto,JPN,MF,Huesca,29,1993,14,9,824,9.2,0,1,0,0,0,2,0,0.0,0.11,0.11,0.0,0.11,28
711,Haissem Hassan,FRA,MF,Villarreal B,20,2002,13,5,532,5.9,0,0,0,0,0,1,0,0.0,0.0,0.0,0.0,0.0,40
712,Juan Hernández,ESP,FW,Burgos,27,1994,6,1,137,1.5,0,0,0,0,0,0,0,0.0,0.0,0.0,0.0,0.0,23
713,Juan Hernández,ESP,MF,Ponferradina,27,1994,2,0,5,0.1,0,0,0,0,0,0,0,0.0,0.0,0.0,0.0,0.0,35
714,Cristian Herrera,ESP,MF,UD Ibiza,31,1991,12,12,1008,11.2,3,0,3,0,0,3,0,0.27,0.0,0.27,0.27,0.27,39
715,Alfonso Herrero,ESP,GK,CD Mirandes,28,1994,10,10,900,10.0,0,0,0,0,0,0,0,0.0,0.0,0.0,0.0,0.0,25
716,Pablo Hervías,ESP,MF,Malaga,29,1993,9,5,368,4.1,0,0,0,0,0,2,0,0.0,0.0,0.0,0.0,0.0,33
717,Hector Hevel,NED,"MF,FW",Andorra,26,1996,14,9,936,10.4,1,2,1,0,0,4,0,0.1,0.19,0.29,0.1,0.29,22
718,Robert Ibáñez,ESP,"MF,FW",Levante,29,1993,8,4,332,3.7,1,0,1,0,0,1,0,0.27,0.0,0.27,0.27,0.27,31
719,Juan Ibiza,ESP,DF,UD Ibiza,27,1995,9,8,731,8.1,0,0,0,0,0,3,1,0.0,0.0,0.0,0.0,0.0,39
720,Vicente Iborra,ESP,MF,Levante,34,1988,15,12,1128,12.5,1,0,1,0,0,4,0,0.08,0.0,0.08,0.08,0.08,31
721,Ibra,ESP,MF,Tenerife,20,2002,1,0,20,0.2,0,0,0,0,0,1,0,0.0,0.0,0.0,0.0,0.0,38
722,Imanol,ESP,DF,Eibar,22,2000,14,13,1114,12.4,0,2,0,0,0,1,0,0.0,0.16,0.16,0.0,0.16,26
723,Pablo Íñiguez,ESP,DF,Villarreal B,28,1994,2,2,180,2.0,2,0,2,0,0,0,0,1.0,0.0,1.0,1.0,1.0,40
724,Pablo Insua,ESP,DF,Sporting Gijon,29,1993,14,14,1210,13.4,1,1,1,0,0,5,0,0.07,0.07,0.15,0.07,0.15,37
725,Nikita Iosifov,RUS,MF,Villarreal B,21,2001,7,2,172,1.9,0,0,0,0,0,0,0,0.0,0.0,0.0,0.0,0.0,40
726,Jairo Izquierdo,ESP,"MF,DF",Cartagena,29,1993,14,11,997,11.1,0,1,0,0,0,3,0,0.0,0.09,0.09,0.0,0.09,24
727,Carlos Izquierdoz,ARG,DF,Sporting Gijon,34,1988,14,13,1156,12.8,1,1,1,0,0,1,0,0.08,0.08,0.16,0.08,0.16,37
728,Ayoub Jabbari,MAR,FW,Racing Sant,22,2000,3,0,19,0.2,0,0,0,0,0,0,0,0.0,0.0,0.0,0.0,0.0,36
729,Jacobo,ESP,FW,Andorra,25,1997,7,2,216,2.4,0,0,0,0,0,0,0,0.0,0.0,0.0,0.0,0.0,22
730,Isak Jansson,SWE,"FW,MF",Cartagena,20,2002,11,5,476,5.3,1,0,1,0,0,1,0,0.19,0.0,0.19,0.19,0.19,24
731,Jason,ESP,MF,Alaves,28,1994,8,4,397,4.4,1,0,1,0,0,0,0,0.23,0.0,0.23,0.23,0.23,20
732,Álvaro Jiménez,ESP,MF,Las Palmas,27,1995,10,9,635,7.1,2,0,2,0,0,1,0,0.28,0.0,0.28,0.28,0.28,29
733,Dani Jiménez,ESP,GK,Leganes,32,1990,8,8,691,7.7,0,0,0,0,0,0,0,0.0,0.0,0.0,0.0,0.0,30
734,Javier Jiménez,ESP,DF,Malaga,26,1996,13,13,1167,13.0,1,0,1,0,0,3,0,0.08,0.0,0.08,0.08,0.08,33
735,Jofre,ESP,FW,CD Mirandes,21,2001,6,1,148,1.6,0,0,0,0,0,0,1,0.0,0.0,0.0,0.0,0.0,25
736,Jony,ESP,MF,Sporting Gijon,31,1991,7,1,193,2.1,1,0,1,0,0,0,0,0.47,0.0,0.47,0.47,0.47,37
737,Filip Jörgensen,DEN,GK,Villarreal B,20,2002,8,8,720,8.0,0,0,0,0,0,2,0,0.0,0.0,0.0,0.0,0.0,40
738,Josema,ESP,DF,Leganes,26,1996,10,8,596,6.6,0,1,0,0,0,1,0,0.0,0.15,0.15,0.0,0.15,30
739,Jozabed,ESP,MF,Malaga,31,1991,10,4,404,4.5,0,0,0,0,0,0,0,0.0,0.0,0.0,0.0,0.0,33
740,Miguel Juan Llambrich,ESP,DF,Oviedo,26,1996,3,1,121,1.3,0,0,0,0,0,1,0,0.0,0.0,0.0,0.0,0.0,34
741,Juande,ESP,DF,Malaga,23,1999,8,6,569,6.3,1,0,1,0,0,1,0,0.16,0.0,0.16,0.16,0.16,33
742,Juanfran,ESP,DF,Malaga,34,1988,14,12,1107,12.3,0,0,0,0,0,1,0,0.0,0.0,0.0,0.0,0.0,33
743,Juanlu,ESP,"MF,FW",CD Mirandes,19,2003,11,7,602,6.7,0,0,0,0,0,0,0,0.0,0.0,0.0,0.0,0.0,25
744,José Jurado,ESP,MF,Tenerife,30,1992,9,6,539,6.0,1,0,1,0,0,4,0,0.17,0.0,0.17,0.17,0.17,38
745,Aboubakary Kanté,GAM,FW,Huesca,28,1994,14,5,515,5.7,2,0,2,0,0,2,0,0.35,0.0,0.35,0.35,0.35,28
746,Andy Kawaya,BEL,MF,Albacete,26,1996,3,0,22,0.2,1,0,1,0,0,0,0,4.09,0.0,4.09,4.09,4.09,21
747,Koba Koindredi,FRA,MF,Oviedo,21,2001,5,3,316,3.5,0,0,0,0,0,0,0,0.0,0.0,0.0,0.0,0.0,34
748,Vasyl Kravets,UKR,DF,Leganes,25,1997,2,1,106,1.2,0,0,0,0,0,0,0,0.0,0.0,0.0,0.0,0.0,30
749,Kuki,ESP,FW,Ponferradina,24,1998,2,0,50,0.6,0,0,0,0,0,0,0,0.0,0.0,0.0,0.0,0.0,35
750,Adrián de la Fuente,ESP,DF,Villarreal B,23,1999,13,13,1162,12.9,1,0,1,0,0,4,0,0.08,0.0,0.08,0.08,0.08,40
751,Derik Lacerda,BRA,"FW,MF",Ponferradina,23,1999,14,10,918,10.2,2,2,2,0,0,3,0,0.2,0.2,0.39,0.2,0.39,35
752,Víctor Laguardia,ESP,DF,Alaves,33,1989,2,0,46,0.5,0,0,0,0,0,0,0,0.0,0.0,0.0,0.0,0.0,20
753,Larra,ESP,"DF,MF",Zaragoza,24,1997,14,4,510,5.7,0,0,0,0,0,0,0,0.0,0.0,0.0,0.0,0.0,41
754,Pablo Larrea,ESP,MF,Tenerife,28,1994,8,4,414,4.6,0,0,0,0,0,0,0,0.0,0.0,0.0,0.0,0.0,38
755,Daniel Lasure,ESP,DF,Zaragoza,28,1994,1,0,20,0.2,0,0,0,0,0,0,0,0.0,0.0,0.0,0.0,0.0,41
756,Orest Lebedenko,UKR,DF,Lugo,24,1998,5,2,180,2.0,0,0,0,0,0,0,0,0.0,0.0,0.0,0.0,0.0,32
757,Juanpe Lele,ESP,MF,Lugo,26,1996,14,8,796,8.8,1,0,0,1,1,3,0,0.11,0.0,0.11,0.0,0.0,32
758,Álvaro Lemos,ESP,"MF,DF",Las Palmas,29,1993,12,3,536,6.0,1,0,1,0,0,0,0,0.17,0.0,0.17,0.17,0.17,29
759,José León Bernal,ESP,DF,Tenerife,27,1995,12,9,865,9.6,0,0,0,0,0,1,0,0.0,0.0,0.0,0.0,0.0,38
760,Raúl Lizoain,ESP,GK,Andorra,31,1991,11,11,990,11.0,0,0,0,0,0,0,0,0.0,0.0,0.0,0.0,0.0,22
761,Enzo Loiodice,FRA,MF,Las Palmas,21,2000,14,14,1115,12.4,1,0,1,0,0,4,0,0.08,0.0,0.08,0.08,0.08,29
762,Andoni López,ESP,DF,Tenerife,26,1996,2,1,67,0.7,0,1,0,0,0,0,0,0.0,1.34,1.34,0.0,1.34,38
763,Javi López,ESP,DF,Alaves,20,2002,11,6,512,5.7,0,0,0,0,0,1,0,0.0,0.0,0.0,0.0,0.0,20
764,Javi López,ESP,MF,Burgos,21,2001,2,0,2,0.0,0,0,0,0,0,0,0,0.0,0.0,0.0,0.0,0.0,23
765,Lluis López,ESP,DF,Zaragoza,25,1997,12,12,1052,11.7,0,0,0,0,0,4,0,0.0,0.0,0.0,0.0,0.0,41
766,Roberto López,ESP,"MF,FW",CD Mirandes,22,2000,13,9,787,8.7,0,0,0,0,0,2,0,0.0,0.0,0.0,0.0,0.0,25
767,Dani Lorenzo,ESP,MF,Malaga,19,2003,4,1,96,1.1,1,0,1,0,0,1,0,0.94,0.0,0.94,0.94,0.94,33
768,Miguel Loureiro,ESP,DF,Lugo,25,1996,15,12,1108,12.3,0,1,0,0,0,4,0,0.0,0.08,0.08,0.0,0.08,32
769,Neyder Lozano,COL,DF,Lugo,28,1994,9,9,717,8.0,0,0,0,0,0,4,0,0.0,0.0,0.0,0.0,0.0,32
770,Sergio Lozano,ESP,"MF,FW",Villarreal B,23,1999,6,6,508,5.6,3,4,2,1,1,4,1,0.53,0.71,1.24,0.35,1.06,40
771,Oier Luengo,ESP,DF,Oviedo,25,1997,5,4,365,4.1,0,0,0,0,0,1,0,0.0,0.0,0.0,0.0,0.0,34
772,Luismi,ESP,MF,Oviedo,30,1992,10,10,860,9.6,0,0,0,0,0,3,0,0.0,0.0,0.0,0.0,0.0,34
773,Jordan Lukaku,BEL,DF,Ponferradina,28,1994,7,4,319,3.5,0,0,0,0,0,2,0,0.0,0.0,0.0,0.0,0.0,35
774,Marcos Luna,ESP,DF,Zaragoza,19,2003,2,0,29,0.3,0,0,0,0,0,0,0,0.0,0.0,0.0,0.0,0.0,41
775,Sergi Maestre,ESP,MF,Albacete,31,1990,11,2,280,3.1,0,1,0,0,0,0,0,0.0,0.32,0.32,0.0,0.32,21
776,Abdallahi Mahmoud,MTN,MF,Alaves,22,2000,3,0,10,0.1,0,0,0,0,0,0,0,0.0,0.0,0.0,0.0,0.0,20
777,Giorgi Makaridze,GEO,GK,Ponferradina,32,1990,4,4,360,4.0,0,0,0,0,0,0,0,0.0,0.0,0.0,0.0,0.0,35
778,Mantilla,ESP,DF,Racing Sant,22,2000,4,4,315,3.5,0,1,0,0,0,1,0,0.0,0.29,0.29,0.0,0.29,36
779,Nikola Maraš,SRB,DF,Alaves,26,1995,13,11,1020,11.3,0,0,0,0,0,1,0,0.0,0.0,0.0,0.0,0.0,20
780,José Marí,ESP,DF,Cartagena,21,2001,1,0,5,0.1,0,0,0,0,0,0,0,0.0,0.0,0.0,0.0,0.0,24
781,Juan María,ESP,DF,Albacete,21,2001,7,3,239,2.7,0,0,0,0,0,0,0,0.0,0.0,0.0,0.0,0.0,21
782,Higinio Marín,ESP,FW,Albacete,29,1993,13,10,894,9.9,3,0,3,0,0,3,0,0.3,0.0,0.3,0.3,0.3,21
783,Diego Mariño,ESP,GK,Sporting Gijon,32,1990,15,15,1350,15.0,0,1,0,0,0,0,0,0.0,0.07,0.07,0.0,0.07,37
784,Mika Màrmol,ESP,DF,Andorra,21,2001,11,11,884,9.8,0,0,0,0,0,2,0,0.0,0.0,0.0,0.0,0.0,22
785,Álex Martín,ESP,DF,CD Mirandes,24,1998,13,13,1091,12.1,0,0,0,0,0,5,1,0.0,0.0,0.0,0.0,0.0,25
786,Nacho Martin,ESP,MF,Sporting Gijon,20,2002,3,0,55,0.6,0,0,0,0,0,0,0,0.0,0.0,0.0,0.0,0.0,37
787,Carlos Martínez,ESP,FW,Andorra,36,1986,13,7,605,6.7,4,0,4,0,0,0,1,0.6,0.0,0.6,0.6,0.6,22
788,Javi Martínez,ESP,MF,Albacete,22,1999,7,1,145,1.6,0,0,0,0,0,1,0,0.0,0.0,0.0,0.0,0.0,21
789,Marc Martínez,ESP,GK,Cartagena,32,1990,4,4,360,4.0,0,0,0,0,0,0,0,0.0,0.0,0.0,0.0,0.0,24
790,Pablo Martínez,ESP,MF,Levante,24,1998,11,3,315,3.5,1,0,1,0,0,0,1,0.29,0.0,0.29,0.29,0.29,31
791,Rubén Martínez,ESP,MF,Albacete,32,1989,10,4,381,4.2,0,0,0,0,0,0,0,0.0,0.0,0.0,0.0,0.0,21
792,Marvin,ESP,"MF,DF",Las Palmas,22,2000,4,2,128,1.4,1,0,1,0,0,0,0,0.7,0.0,0.7,0.7,0.7,29
793,Marc Mateu,ESP,MF,Huesca,32,1990,14,13,1102,12.2,2,2,1,1,1,1,0,0.16,0.16,0.33,0.08,0.25,28
794,Jose Matos,ESP,DF,Burgos,27,1995,6,5,450,5.0,0,3,0,0,0,0,0,0.0,0.6,0.6,0.0,0.6,23
795,Jordi Mboula,ESP,MF,Racing Sant,23,1999,13,11,875,9.7,0,0,0,0,0,0,0,0.0,0.0,0.0,0.0,0.0,36
796,Agus Medina,ESP,MF,Ponferradina,28,1994,10,7,647,7.2,1,0,1,0,0,1,0,0.14,0.0,0.14,0.14,0.14,35
797,Unai Medina,ESP,DF,Racing Sant,32,1990,5,3,274,3.0,0,0,0,0,0,2,0,0.0,0.0,0.0,0.0,0.0,36
798,Pedro Alejandro García Mejías,ESP,MF,Las Palmas,19,2003,2,0,5,0.1,0,0,0,0,0,0,0,0.0,0.0,0.0,0.0,0.0,29
799,Óscar Melendo,ESP,MF,Granada,25,1997,10,6,555,6.2,0,2,0,0,0,0,0,0.0,0.32,0.32,0.0,0.32,27
800,Gonzalo Melero,ESP,MF,Levante,28,1994,2,2,138,1.5,0,0,0,0,0,0,0,0.0,0.0,0.0,0.0,0.0,31
801,Jérémy Mellot,FRA,DF,Tenerife,28,1994,15,13,1214,13.5,0,0,0,0,0,0,0,0.0,0.0,0.0,0.0,0.0,38
802,Nacho Méndez,ESP,MF,Sporting Gijon,24,1998,3,1,80,0.9,0,0,0,0,0,0,0,0.0,0.0,0.0,0.0,0.0,37
803,Maikel Mesa,ESP,MF,Albacete,31,1991,14,14,1031,11.5,3,1,0,3,3,1,1,0.26,0.09,0.35,0.0,0.09,21
804,Víctor Meseguer,ESP,MF,Granada,23,1999,8,5,416,4.6,0,0,0,0,0,3,0,0.0,0.0,0.0,0.0,0.0,27
805,Omenuke Mfulu,COD,MF,Las Palmas,28,1994,14,13,1168,13.0,0,0,0,0,0,4,0,0.0,0.0,0.0,0.0,0.0,29
806,Nikolaos Michelis,GRE,DF,CD Mirandes,21,2001,6,6,540,6.0,0,0,0,0,0,1,0,0.0,0.0,0.0,0.0,0.0,25
807,Javier Mier,ESP,"MF,FW",Oviedo,23,1999,10,4,367,4.1,0,0,0,0,0,2,0,0.0,0.0,0.0,0.0,0.0,34
808,Miguel,ESP,DF,Villarreal B,25,1997,13,11,945,10.5,1,2,1,0,0,3,0,0.1,0.19,0.29,0.1,0.29,40
809,Miguel,ESP,FW,Alaves,23,1999,15,13,1016,11.3,4,1,4,0,0,2,0,0.35,0.09,0.44,0.35,0.44,20
810,Florian Miguel,FRA,DF,Huesca,26,1996,11,11,941,10.5,0,1,0,0,0,1,1,0.0,0.1,0.1,0.0,0.1,28
811,Miki,ESP,MF,UD Ibiza,26,1996,10,3,353,3.9,1,0,1,0,0,1,0,0.25,0.0,0.25,0.25,0.25,39
812,Uroš Milovanović,SRB,FW,Sporting Gijon,22,2000,4,0,94,1.0,0,0,0,0,0,2,0,0.0,0.0,0.0,0.0,0.0,37
813,Ignasi Miquel,ESP,DF,Granada,30,1992,8,6,481,5.3,0,0,0,0,0,1,0,0.0,0.0,0.0,0.0,0.0,27
814,Jorge Miramón,ESP,"DF,MF",Leganes,33,1989,15,15,1344,14.9,0,1,0,0,0,2,0,0.0,0.07,0.07,0.0,0.07,30
815,Dauda Mohammed,GHA,MF,Tenerife,24,1998,10,8,590,6.6,1,0,1,0,0,2,0,0.15,0.0,0.15,0.15,0.15,38
816,Alberto Moleiro,ESP,MF,Las Palmas,19,2003,14,9,810,9.0,0,3,0,0,0,1,0,0.0,0.33,0.33,0.0,0.33,29
817,Arturo Molina,ESP,MF,Racing Sant,26,1996,10,4,405,4.5,1,0,1,0,0,2,0,0.22,0.0,0.22,0.22,0.22,36
818,Jorge Molina,ESP,"FW,MF",Granada,40,1982,13,4,494,5.5,0,0,0,0,0,1,0,0.0,0.0,0.0,0.0,0.0,27
819,Manu Molina,ESP,MF,Zaragoza,30,1991,15,12,1038,11.5,0,0,0,0,0,3,0,0.0,0.0,0.0,0.0,0.0,41
820,Sergio Molina,ESP,MF,Andorra,26,1996,12,9,767,8.5,1,0,1,0,0,2,0,0.12,0.0,0.12,0.12,0.12,22
821,Victor Mollejo,ESP,"MF,FW",Zaragoza,21,2001,14,7,685,7.6,1,2,1,0,0,3,0,0.13,0.26,0.39,0.13,0.39,41
822,Joni Montiel,ESP,"MF,FW",Levante,24,1998,15,12,1001,11.1,2,2,1,1,1,3,0,0.18,0.18,0.36,0.09,0.27,31
823,Ángel Montoro,ESP,MF,Oviedo,34,1988,15,11,1033,11.5,1,1,1,0,0,5,0,0.09,0.09,0.17,0.09,0.17,34
824,Ivan Monzón,ESP,FW,Zaragoza,19,2002,6,3,269,3.0,1,1,1,0,0,0,0,0.33,0.33,0.67,0.33,0.67,41
825,Wesley Moraes,BRA,FW,Levante,25,1996,13,8,717,8.0,0,1,0,0,0,4,0,0.0,0.13,0.13,0.0,0.13,31
826,Erik Morán,ESP,MF,Ponferradina,31,1991,11,8,663,7.4,0,0,0,0,0,2,0,0.0,0.0,0.0,0.0,0.0,35
827,Iván Morante,ESP,MF,UD Ibiza,21,2001,13,12,947,10.5,0,0,0,0,0,6,0,0.0,0.0,0.0,0.0,0.0,39
828,Pol Moreno,ESP,DF,Racing Sant,28,1994,15,15,1350,15.0,1,0,1,0,0,1,0,0.07,0.0,0.07,0.07,0.07,36
829,Dani Morer,ESP,DF,Andorra,24,1998,5,4,361,4.0,0,0,0,0,0,0,1,0.0,0.0,0.0,0.0,0.0,22
830,Mohamed Moukhliss,ESP,MF,Andorra,22,2000,4,2,173,1.9,0,0,0,0,0,0,0,0.0,0.0,0.0,0.0,0.0,22
831,Toni Moya,ESP,MF,Alaves,24,1998,15,5,629,7.0,0,0,0,0,0,1,0,0.0,0.0,0.0,0.0,0.0,20
832,Sebas Moyano,ESP,"MF,FW",Lugo,25,1997,14,9,833,9.3,1,0,1,0,0,1,0,0.11,0.0,0.11,0.11,0.11,32
833,Samuel Mráz,SVK,FW,CD Mirandes,25,1997,10,1,202,2.2,0,0,0,0,0,0,0,0.0,0.0,0.0,0.0,0.0,25
834,Mumo,ESP,MF,Burgos,27,1995,15,6,668,7.4,2,0,2,0,0,3,0,0.27,0.0,0.27,0.27,0.27,23
835,Álex Muñoz,ESP,DF,Levante,28,1994,10,8,755,8.4,0,1,0,0,0,4,0,0.0,0.12,0.12,0.0,0.12,31
836,Javier Muñoz,ESP,MF,Eibar,27,1995,13,9,858,9.5,0,2,0,0,0,4,2,0.0,0.21,0.21,0.0,0.21,26
837,Joaquín Muñoz,ESP,MF,Huesca,23,1999,1,0,30,0.3,0,0,0,0,0,0,0,0.0,0.0,0.0,0.0,0.0,28
838,Juan Muñoz,ESP,FW,Leganes,27,1995,15,8,688,7.6,3,0,3,0,0,3,0,0.39,0.0,0.39,0.39,0.39,30
839,Luis Muñoz,ESP,MF,Malaga,25,1997,8,5,396,4.4,0,0,0,0,0,2,0,0.0,0.0,0.0,0.0,0.0,33
840,Diego Murillo,ESP,DF,Malaga,21,2001,1,0,1,0.0,0,0,0,0,0,0,0,0.0,0.0,0.0,0.0,0.0,33
841,Charly Musonda Jr.,BEL,MF,Levante,26,1996,4,0,61,0.7,0,0,0,0,0,1,0,0.0,0.0,0.0,0.0,0.0,31
842,Shkodran Mustafi,GER,DF,Levante,30,1992,2,1,29,0.3,1,0,1,0,0,0,0,3.1,0.0,3.1,3.1,3.1,31
843,Damián Musto,ARG,MF,Cartagena,35,1987,12,11,886,9.8,0,0,0,0,0,5,1,0.0,0.0,0.0,0.0,0.0,24
844,Alfred N'Diaye,SEN,MF,Malaga,32,1990,11,10,904,10.0,0,0,0,0,0,5,0,0.0,0.0,0.0,0.0,0.0,33
845,Nacho,ESP,DF,Tenerife,33,1989,14,12,1109,12.3,1,2,1,0,0,5,0,0.08,0.16,0.24,0.08,0.24,38
846,Tomeu Nadal,ESP,GK,Oviedo,33,1989,14,14,1260,14.0,0,0,0,0,0,0,0,0.0,0.0,0.0,0.0,0.0,34
847,Naranjo,ESP,"MF,FW",Ponferradina,28,1994,15,12,1042,11.6,1,2,1,0,0,2,0,0.09,0.17,0.26,0.09,0.26,35
848,Juanjo Narváez,COL,FW,Zaragoza,27,1995,3,2,157,1.7,0,0,0,0,0,0,0,0.0,0.0,0.0,0.0,0.0,41
849,Raúl Navarro,ESP,"MF,DF",Burgos,28,1994,12,9,857,9.5,0,1,0,0,0,1,0,0.0,0.11,0.11,0.0,0.11,23
850,Raúl Navas,ESP,DF,CD Mirandes,34,1988,11,11,990,11.0,0,2,0,0,0,4,0,0.0,0.18,0.18,0.0,0.18,25
851,Neeskens,ESP,FW,Cartagena,20,2001,3,0,18,0.2,0,0,0,0,0,0,0,0.0,0.0,0.0,0.0,0.0,24
852,Carlos Neva,ESP,DF,Granada,26,1996,3,2,160,1.8,0,0,0,0,0,0,0,0.0,0.0,0.0,0.0,0.0,27
853,Yvan Neyou,CMR,MF,Leganes,25,1997,4,0,54,0.6,0,0,0,0,0,1,0,0.0,0.0,0.0,0.0,0.0,30
854,Carlos Nieto,ESP,"MF,DF",Zaragoza,26,1996,3,2,181,2.0,0,0,0,0,0,1,0,0.0,0.0,0.0,0.0,0.0,41
855,Fernando Niño,ESP,FW,Villarreal B,22,2000,14,13,1018,11.3,2,2,2,0,0,1,0,0.18,0.18,0.35,0.18,0.35,40
856,Peru Nolaskoain,ESP,MF,Eibar,24,1998,6,2,260,2.9,1,0,1,0,0,1,0,0.35,0.0,0.35,0.35,0.35,26
857,Nolito,ESP,"MF,FW",UD Ibiza,36,1986,10,6,505,5.6,1,1,1,0,0,1,0,0.18,0.18,0.36,0.18,0.36,39
858,Kelechi Nwakali,NGA,MF,Ponferradina,24,1998,14,13,1170,13.0,1,1,1,0,0,6,0,0.08,0.08,0.15,0.08,0.15,35
859,Allan Nyom,CMR,DF,Leganes,34,1988,13,11,1036,11.5,1,1,1,0,0,5,0,0.09,0.09,0.17,0.09,0.17,30
860,Samuel Obeng,GHA,"FW,MF",Oviedo,25,1997,14,5,524,5.8,1,0,1,0,0,2,0,0.17,0.0,0.17,0.17,0.17,34
861,Dani Ojeda,ESP,"MF,FW",Ponferradina,27,1994,13,10,928,10.3,4,0,4,0,0,3,0,0.39,0.0,0.39,0.39,0.39,35
862,Thiago Ojeda,ARG,"MF,FW",Villarreal B,19,2003,11,6,540,6.0,1,0,1,0,0,1,0,0.17,0.0,0.17,0.17,0.17,40
863,Lander Olaetxea,ESP,MF,Albacete,29,1993,14,14,1186,13.2,1,0,1,0,0,6,0,0.08,0.0,0.08,0.08,0.08,21
864,Kiko Olivas,ESP,DF,Cartagena,34,1988,5,5,450,5.0,0,0,0,0,0,0,0,0.0,0.0,0.0,0.0,0.0,24
865,Víctor Olmo,ESP,DF,Malaga,21,2001,3,1,99,1.1,0,0,0,0,0,0,0,0.0,0.0,0.0,0.0,0.0,33
866,Kenneth Omeruo,NGA,DF,Leganes,29,1993,8,8,625,6.9,1,0,1,0,0,1,0,0.14,0.0,0.14,0.14,0.14,30
867,Cedric Omoigui,NGA,FW,Racing Sant,28,1994,2,0,42,0.5,0,0,0,0,0,0,0,0.0,0.0,0.0,0.0,0.0,36
868,Kevin Omoruyi,ESP,FW,Huesca,21,2001,2,2,117,1.3,0,0,0,0,0,0,0,0.0,0.0,0.0,0.0,0.0,28
869,Kevin Omoruyi,BHU,FW,Huesca,21,2001,6,3,277,3.1,1,1,1,0,0,1,0,0.32,0.32,0.65,0.32,0.65,28
870,Javier Ontiveros,ESP,MF,Villarreal B,25,1997,9,2,309,3.4,0,0,0,0,0,2,0,0.0,0.0,0.0,0.0,0.0,40
871,Jandro Orellana,ESP,MF,Andorra,22,2000,10,4,465,5.2,0,0,0,0,0,1,0,0.0,0.0,0.0,0.0,0.0,22
872,Alfredo Ortuño,ESP,FW,Cartagena,31,1991,13,8,732,8.1,4,0,2,2,2,0,0,0.49,0.0,0.49,0.25,0.25,24
873,Antonio Pacheco,ESP,MF,Villarreal B,20,2002,11,2,382,4.2,1,0,1,0,0,1,0,0.24,0.0,0.24,0.24,0.24,40
874,Ignacio Pais,ARG,MF,Cartagena,22,2000,1,0,3,0.0,0,0,0,0,0,0,0,0.0,0.0,0.0,0.0,0.0,24
875,Diego Pampín,ESP,"MF,DF",Andorra,22,2000,8,4,438,4.9,0,1,0,0,0,0,0,0.0,0.21,0.21,0.0,0.21,22
876,Rubén Pardo,ESP,MF,Leganes,30,1992,14,7,681,7.6,0,2,0,0,0,3,0,0.0,0.26,0.26,0.0,0.26,30
877,Miquel Parera,ESP,GK,Racing Sant,26,1996,15,15,1350,15.0,0,0,0,0,0,1,0,0.0,0.0,0.0,0.0,0.0,36
878,Raúl Parra,ESP,DF,CD Mirandes,22,1999,14,13,1107,12.3,0,0,0,0,0,1,0,0.0,0.0,0.0,0.0,0.0,25
879,Piotr Parzyszek,POL,FW,Leganes,29,1993,6,2,223,2.5,0,0,0,0,0,1,0,0.0,0.0,0.0,0.0,0.0,30
880,Alexandru Pașcanu,ROU,DF,Ponferradina,24,1998,15,15,1350,15.0,1,2,1,0,0,4,0,0.07,0.13,0.2,0.07,0.2,35
881,Martín Pascual,ESP,DF,UD Ibiza,23,1999,12,11,1000,11.1,0,0,0,0,0,4,0,0.0,0.0,0.0,0.0,0.0,39
882,Alex Pastor,ESP,DF,Andorra,23,1999,7,3,362,4.0,0,0,0,0,0,0,1,0.0,0.0,0.0,0.0,0.0,22
883,Marcos Paulo,BRA,"MF,FW",CD Mirandes,21,2001,9,7,623,6.9,1,2,1,0,0,0,0,0.14,0.29,0.43,0.14,0.43,25
884,Pepe,ESP,DF,Granada,22,2000,3,1,116,1.3,0,0,0,0,0,0,0,0.0,0.0,0.0,0.0,0.0,27
885,Peque,ESP,FW,Racing Sant,20,2002,10,2,233,2.6,0,0,0,0,0,1,0,0.0,0.0,0.0,0.0,0.0,36
886,Alberto Perea,ESP,MF,Granada,31,1990,6,2,224,2.5,1,0,1,0,0,1,0,0.4,0.0,0.4,0.4,0.4,27
887,Luis Perea,ESP,MF,Leganes,25,1997,1,1,87,1.0,0,0,0,0,0,1,0,0.0,0.0,0.0,0.0,0.0,30
888,Hugo Perez,ESP,DF,Villarreal B,19,2002,1,1,45,0.5,0,0,0,0,0,0,0,0.0,0.0,0.0,0.0,0.0,40
889,Njegoš Petrović,SRB,MF,Granada,23,1999,10,8,707,7.9,0,0,0,0,0,0,0,0.0,0.0,0.0,0.0,0.0,27
890,Radosav Petrović,SRB,"MF,DF",Zaragoza,33,1989,8,3,222,2.5,0,0,0,0,0,4,0,0.0,0.0,0.0,0.0,0.0,41
891,Alex Petxa,ESP,DF,Andorra,25,1997,4,4,277,3.1,0,0,0,0,0,1,0,0.0,0.0,0.0,0.0,0.0,22
892,Pinchi,ESP,MF,Las Palmas,26,1996,2,1,81,0.9,1,1,1,0,0,0,0,1.11,1.11,2.22,1.11,2.22,29
893,Pinchi,ESP,"MF,FW",CD Mirandes,26,1996,11,9,665,7.4,3,0,3,0,0,0,0,0.41,0.0,0.41,0.41,0.41,25
894,Bruno Pires,BRA,DF,Lugo,30,1992,4,2,144,1.6,0,0,0,0,0,1,0,0.0,0.0,0.0,0.0,0.0,32
895,Jordi Pola,ESP,DF,Sporting Gijon,22,2000,2,0,63,0.7,0,0,0,0,0,0,0,0.0,0.0,0.0,0.0,0.0,37
896,Carlos Pomares Rayo,ESP,DF,Oviedo,29,1992,6,5,434,4.8,0,0,0,0,0,2,0,0.0,0.0,0.0,0.0,0.0,34
897,Jorge Pombo,ESP,"MF,FW",Racing Sant,28,1994,9,9,683,7.6,1,0,1,0,0,4,2,0.13,0.0,0.13,0.13,0.13,36
898,Sergio Postigo,ESP,DF,Levante,34,1988,11,9,866,9.6,0,0,0,0,0,4,0,0.0,0.0,0.0,0.0,0.0,31
899,Darío Poveda,ESP,"FW,MF",UD Ibiza,25,1997,12,7,533,5.9,1,1,1,0,0,0,0,0.17,0.17,0.34,0.17,0.34,39
900,Prados,ESP,MF,CD Mirandes,21,2001,15,13,1083,12.0,0,2,0,0,0,4,0,0.0,0.17,0.17,0.0,0.17,25
901,Miguel Prendes,ESP,MF,Oviedo,21,2001,2,0,6,0.1,0,0,0,0,0,0,0,0.0,0.0,0.0,0.0,0.0,34
902,Pubill,ESP,DF,Levante,19,2003,3,3,187,2.1,0,0,0,0,0,1,0,0.0,0.0,0.0,0.0,0.0,31
903,Miguel Puche García,ESP,MF,Zaragoza,21,2001,12,3,360,4.0,0,0,0,0,0,1,0,0.0,0.0,0.0,0.0,0.0,41
904,Antonio Puertas,ESP,MF,Granada,30,1992,15,13,1130,12.6,1,2,1,0,0,0,0,0.08,0.16,0.24,0.08,0.24,27
905,Ricard Pujol,ESP,DF,Ponferradina,24,1998,2,1,132,1.5,0,0,0,0,0,0,0,0.0,0.0,0.0,0.0,0.0,35
906,Jorge Pulido,ESP,DF,Huesca,31,1991,13,12,1011,11.2,0,0,0,0,0,1,1,0.0,0.0,0.0,0.0,0.0,28
907,Ruben Pulido Peñas,ESP,DF,Huesca,22,2000,4,4,360,4.0,0,0,0,0,0,1,0,0.0,0.0,0.0,0.0,0.0,28
908,Yacine Qasmi,MAR,FW,Leganes,31,1991,9,2,193,2.1,1,0,1,0,0,1,0,0.47,0.0,0.47,0.47,0.47,30
909,Dani Queipo,ESP,MF,Sporting Gijon,20,2002,15,11,912,10.1,0,0,0,0,0,1,0,0.0,0.0,0.0,0.0,0.0,37
910,Quini,ESP,DF,Granada,33,1989,13,11,935,10.4,0,1,0,0,0,4,0,0.0,0.1,0.1,0.0,0.1,27
911,Quique,ESP,"MF,FW",Eibar,32,1990,13,6,470,5.2,3,1,2,1,1,1,0,0.57,0.19,0.77,0.38,0.57,26
912,Dani Raba,ESP,"MF,FW",Leganes,27,1995,11,5,483,5.4,2,1,2,0,0,3,0,0.37,0.19,0.56,0.37,0.56,30
913,Yanis Rahmani,FRA,MF,Eibar,27,1995,8,1,174,1.9,0,0,0,0,0,1,0,0.0,0.0,0.0,0.0,0.0,26
914,Hugo Rama,ESP,MF,Oviedo,25,1996,14,8,699,7.8,0,0,0,0,0,1,0,0.0,0.0,0.0,0.0,0.0,34
915,Jonás Ramalho,ESP,DF,Malaga,29,1993,5,4,349,3.9,0,0,0,0,0,0,0,0.0,0.0,0.0,0.0,0.0,33
916,Benito Ramírez,ESP,MF,Las Palmas,27,1995,14,2,440,4.9,1,1,1,0,0,0,0,0.2,0.2,0.41,0.2,0.41,29
917,Sandro Ramírez,ESP,FW,Las Palmas,27,1995,8,3,396,4.4,1,2,1,0,0,2,0,0.23,0.45,0.68,0.23,0.68,29
918,Ramón,ESP,GK,CD Mirandes,22,1999,5,5,450,5.0,0,0,0,0,0,0,0,0.0,0.0,0.0,0.0,0.0,25
919,Chris Ramos,ESP,FW,Lugo,25,1997,14,11,1006,11.2,6,0,6,0,1,2,1,0.54,0.0,0.54,0.54,0.54,32
920,Abraham Rando,ESP,DF,Villarreal B,21,2001,4,3,292,3.2,0,0,0,0,0,1,0,0.0,0.0,0.0,0.0,0.0,40
921,Andrei Ratiu,ROU,DF,Huesca,24,1998,14,14,1198,13.3,1,0,1,0,0,0,0,0.08,0.0,0.08,0.08,0.08,28
922,Nico Ratti,ITA,GK,Andorra,29,1993,4,4,360,4.0,0,0,0,0,0,0,0,0.0,0.0,0.0,0.0,0.0,22
923,Raúl,ESP,FW,CD Mirandes,22,2000,13,13,1079,12.0,6,1,5,1,1,1,0,0.5,0.08,0.58,0.42,0.5,25
924,Abderrahman Rebbach,ALG,"MF,FW",Alaves,24,1998,9,6,409,4.5,1,1,1,0,0,0,0,0.22,0.22,0.44,0.22,0.44,20
925,Hugo Redón,ESP,MF,Levante,19,2003,1,0,1,0.0,0,0,0,0,0,0,0,0.0,0.0,0.0,0.0,0.0,31
926,Manolo Reina,ESP,GK,Malaga,37,1985,13,13,1170,13.0,0,0,0,0,0,4,0,0.0,0.0,0.0,0.0,0.0,33
927,Oriol Rey,ESP,MF,CD Mirandes,24,1998,15,13,1151,12.8,0,0,0,0,0,1,0,0.0,0.0,0.0,0.0,0.0,25
928,Ricard,ESP,DF,Granada,22,2000,14,13,1104,12.3,0,1,0,0,0,2,0,0.0,0.08,0.08,0.0,0.08,27
929,José Ricardo,BRA,DF,Lugo,24,1998,14,13,1181,13.1,0,2,0,0,0,7,0,0.0,0.15,0.15,0.0,0.15,32
930,Manuel Rico,ESP,"MF,FW",Huesca,19,2003,2,2,105,1.2,0,0,0,0,0,1,0,0.0,0.0,0.0,0.0,0.0,28
931,Mikel Rico,ESP,MF,Cartagena,38,1984,15,14,1190,13.2,2,0,2,0,0,2,0,0.15,0.0,0.15,0.15,0.15,24
932,Asier Riesgo,ESP,GK,Leganes,39,1983,8,7,659,7.3,0,1,0,0,0,0,0,0.0,0.14,0.14,0.0,0.14,30
933,Luis Rioja,ESP,"MF,FW",Alaves,29,1993,12,9,893,9.9,3,1,3,0,0,2,1,0.3,0.1,0.4,0.3,0.4,20
934,Cristian Rivera,ESP,MF,Sporting Gijon,25,1997,8,7,638,7.1,0,1,0,0,0,4,0,0.0,0.14,0.14,0.0,0.14,37
935,Rober,ESP,DF,Levante,27,1995,9,5,538,6.0,0,0,0,0,0,1,0,0.0,0.0,0.0,0.0,0.0,31
936,Rubén Rochina,ESP,MF,Granada,31,1991,6,2,197,2.2,0,0,0,0,0,1,0,0.0,0.0,0.0,0.0,0.0,27
937,Ángel Rodado,ESP,FW,UD Ibiza,25,1997,1,0,6,0.1,0,0,0,0,0,0,0,0.0,0.0,0.0,0.0,0.0,39
938,Rodri,ESP,MF,Villarreal B,19,2003,9,6,507,5.6,0,1,0,0,0,1,0,0.0,0.18,0.18,0.0,0.18,40
939,Álvaro Rodríguez,ESP,DF,Albacete,28,1994,15,15,1350,15.0,2,2,2,0,0,4,0,0.13,0.13,0.27,0.13,0.27,21
940,Cesar Rodriguez,VEN,MF,Lugo,22,2000,4,0,90,1.0,0,0,0,0,0,1,0,0.0,0.0,0.0,0.0,0.0,32
941,David Rodríguez,ESP,DF,Tenerife,22,2000,1,0,5,0.1,0,0,0,0,0,0,0,0.0,0.0,0.0,0.0,0.0,38
942,Riki Rodríguez,ESP,MF,Albacete,25,1997,14,13,1112,12.4,0,0,0,0,0,4,1,0.0,0.0,0.0,0.0,0.0,21
943,Genaro Rodríguez Serrano,ESP,"MF,DF",Malaga,24,1998,7,3,305,3.4,0,0,0,0,0,3,0,0.0,0.0,0.0,0.0,0.0,33
944,Carlos Romero,ESP,DF,Villarreal B,21,2001,8,2,210,2.3,0,0,0,0,0,1,0,0.0,0.0,0.0,0.0,0.0,40
945,Iván Romero,ESP,"FW,MF",Tenerife,21,2001,11,9,755,8.4,2,1,2,0,0,2,0,0.24,0.12,0.36,0.24,0.36,38
946,Jaime Romero,ESP,"FW,MF",Cartagena,32,1990,6,0,54,0.6,0,0,0,0,0,0,0,0.0,0.0,0.0,0.0,0.0,24
947,Guillermo Rosas,ESP,DF,Sporting Gijon,22,2000,13,12,1104,12.3,0,0,0,0,0,5,0,0.0,0.0,0.0,0.0,0.0,37
948,Waldo Rubio,ESP,MF,Tenerife,27,1995,8,7,522,5.8,1,2,1,0,0,2,0,0.17,0.34,0.52,0.17,0.52,38
949,Carlos Ruiz,ESP,DF,Tenerife,39,1983,8,8,666,7.4,0,0,0,0,0,2,0,0.0,0.0,0.0,0.0,0.0,38
950,Isma Ruiz,ESP,MF,UD Ibiza,21,2001,3,1,163,1.8,0,0,0,0,0,0,0,0.0,0.0,0.0,0.0,0.0,39
951,Sergio Ruiz,ESP,MF,Granada,27,1994,6,4,426,4.7,0,0,0,0,0,2,0,0.0,0.0,0.0,0.0,0.0,27
952,Armando Sadiku,ALB,FW,Cartagena,31,1991,15,8,769,8.5,5,0,3,2,2,1,0,0.59,0.0,0.59,0.35,0.35,24
953,Jorge Sáenz,ESP,DF,Leganes,25,1996,14,14,1260,14.0,0,0,0,0,0,4,0,0.0,0.0,0.0,0.0,0.0,30
954,Íñigo Sainz Maza,ESP,MF,Racing Sant,24,1998,14,14,1260,14.0,0,1,0,0,0,6,0,0.0,0.07,0.07,0.0,0.07,36
955,José Salinas,ESP,DF,CD Mirandes,22,2000,15,15,1349,15.0,1,2,1,0,0,3,0,0.07,0.13,0.2,0.07,0.2,25
956,Cristian Salvador,ESP,MF,Huesca,27,1994,8,4,370,4.1,0,0,0,0,0,1,0,0.0,0.0,0.0,0.0,0.0,28
957,Diego Sánchez,ESP,DF,Sporting Gijon,19,2003,7,5,437,4.9,0,0,0,0,0,1,0,0.0,0.0,0.0,0.0,0.0,37
958,Germán Sánchez,ESP,DF,Racing Sant,35,1986,2,2,159,1.8,0,0,0,0,0,0,1,0.0,0.0,0.0,0.0,0.0,36
959,Borja Sánchez Laborde,ESP,MF,Oviedo,26,1996,6,4,389,4.3,0,0,0,0,0,2,0,0.0,0.0,0.0,0.0,0.0,34
960,Luca Sangalli,ESP,MF,Cartagena,27,1995,13,4,443,4.9,0,1,0,0,0,3,0,0.0,0.2,0.2,0.0,0.2,24
961,Marco Sangalli,ESP,MF,Oviedo,30,1992,8,5,404,4.5,0,1,0,0,0,0,0,0.0,0.22,0.22,0.0,0.22,34
962,Adrián Sanmartín,ESP,FW,Cartagena,17,2005,2,0,12,0.1,0,0,0,0,0,0,0,0.0,0.0,0.0,0.0,0.0,24
963,Sergio Santos,ESP,DF,CD Mirandes,21,2001,6,1,194,2.2,0,0,0,0,0,0,0,0.0,0.0,0.0,0.0,0.0,25
964,Aitor Sanz,ESP,MF,Tenerife,38,1984,13,12,998,11.1,1,0,1,0,0,7,1,0.09,0.0,0.09,0.09,0.09,38
965,Marcelo Saracchi,URU,DF,Levante,24,1998,6,6,389,4.3,0,0,0,0,0,2,0,0.0,0.0,0.0,0.0,0.0,31
966,Eneko Satrústegui,ESP,DF,Racing Sant,32,1990,14,14,1231,13.7,0,0,0,0,0,1,0,0.0,0.0,0.0,0.0,0.0,36
967,Aleksandar Sedlar,SRB,"DF,MF",Alaves,30,1991,8,8,602,6.7,0,0,0,0,0,2,0,0.0,0.0,0.0,0.0,0.0,20
968,Josep Señé,ESP,MF,Lugo,30,1991,15,14,1183,13.1,1,0,1,0,0,4,0,0.08,0.0,0.08,0.08,0.08,32
969,Sergi,ESP,DF,Leganes,30,1992,8,7,634,7.0,0,0,0,0,0,1,0,0.0,0.0,0.0,0.0,0.0,30
970,Francho Serrano Gracia,ESP,MF,Zaragoza,21,2001,11,5,493,5.5,0,0,0,0,0,1,0,0.0,0.0,0.0,0.0,0.0,41
971,Javier Serrano,ESP,MF,CD Mirandes,19,2003,9,2,232,2.6,0,0,0,0,0,0,0,0.0,0.0,0.0,0.0,0.0,25
972,Nicolás Serrano,ESP,"MF,FW",CD Mirandes,19,2003,13,10,827,9.2,0,1,0,0,0,1,0,0.0,0.11,0.11,0.0,0.11,25
973,Salva Sevilla,ESP,MF,Alaves,38,1984,13,12,951,10.6,1,1,0,1,1,4,0,0.09,0.09,0.19,0.0,0.09,20
974,Armando Shashoua,ENG,MF,UD Ibiza,22,2000,6,4,338,3.8,0,0,0,0,0,1,0,0.0,0.0,0.0,0.0,0.0,39
975,Samuel Shashoua,ENG,"MF,FW",Tenerife,23,1999,3,3,220,2.4,0,0,0,0,0,1,0,0.0,0.0,0.0,0.0,0.0,38
976,Gaku Shibasaki,JPN,"MF,FW",Leganes,30,1992,13,10,932,10.4,0,1,0,0,0,2,0,0.0,0.1,0.1,0.0,0.1,30
977,Sidnei,BRA,DF,Las Palmas,33,1989,9,8,603,6.7,0,0,0,0,0,2,0,0.0,0.0,0.0,0.0,0.0,29
978,Óscar Sielva,ESP,MF,Huesca,31,1991,9,3,326,3.6,1,0,1,0,0,3,0,0.28,0.0,0.28,0.28,0.28,28
979,Grego Sierra,ESP,DF,Burgos,29,1993,10,9,761,8.5,0,0,0,0,0,6,0,0.0,0.0,0.0,0.0,0.0,23
980,Jonathan Silva,ARG,DF,Granada,28,1994,6,2,201,2.2,0,0,0,0,0,0,0,0.0,0.0,0.0,0.0,0.0,27
981,Matheus Pereira da Silva,BRA,MF,Eibar,24,1998,14,13,1069,11.9,1,0,1,0,0,5,0,0.08,0.0,0.08,0.08,0.08,26
982,Giuliano Simeone,ARG,"FW,MF",Zaragoza,19,2002,14,11,1011,11.2,3,2,3,0,0,2,1,0.27,0.18,0.45,0.27,0.45,41
983,Nikola Šipčić,MNE,DF,Tenerife,27,1995,11,10,903,10.0,0,0,0,0,0,2,0,0.0,0.0,0.0,0.0,0.0,38
984,Antonio Sivera,ESP,GK,Alaves,26,1996,15,15,1350,15.0,0,0,0,0,0,1,0,0.0,0.0,0.0,0.0,0.0,20
985,Patrick Soko,CMR,MF,Huesca,25,1997,12,9,608,6.8,0,1,0,0,0,2,0,0.0,0.15,0.15,0.0,0.15,28
986,Fran Sol,ESP,FW,Malaga,30,1992,13,6,635,7.1,1,0,1,0,0,1,0,0.14,0.0,0.14,0.14,0.14,33
987,Roberto Soldado,ESP,FW,Levante,37,1985,12,3,377,4.2,1,0,1,0,0,3,0,0.24,0.0,0.24,0.24,0.24,31
988,Son,ESP,DF,Levante,28,1994,15,12,1163,12.9,0,0,0,0,0,1,0,0.0,0.0,0.0,0.0,0.0,31
989,Juan Soriano,ESP,GK,Tenerife,25,1997,15,15,1350,15.0,0,1,0,0,0,1,0,0.0,0.07,0.07,0.0,0.07,38
990,Alberto Soro,ESP,MF,Granada,23,1999,3,2,151,1.7,0,0,0,0,0,0,0,0.0,0.0,0.0,0.0,0.0,27
991,Yuri de Souza,BRA,"FW,MF",Ponferradina,40,1982,11,8,554,6.2,3,1,1,2,2,0,1,0.49,0.16,0.65,0.16,0.32,35
992,Stoichkov,ESP,"MF,FW",Eibar,29,1993,15,14,1149,12.8,5,0,4,1,2,5,0,0.39,0.0,0.39,0.31,0.31,26
993,Álex Suárez,ESP,DF,Las Palmas,29,1993,14,13,1026,11.4,1,0,1,0,0,5,0,0.09,0.0,0.09,0.09,0.09,29
994,Jaime Suárez Juesas,ESP,MF,Oviedo,25,1996,8,3,275,3.1,0,0,0,0,0,3,0,0.0,0.0,0.0,0.0,0.0,34
995,Mamadou Sylla,SEN,FW,Alaves,28,1994,3,1,80,0.9,1,0,1,0,0,0,0,1.13,0.0,1.13,1.13,1.13,20
996,Rodrigo Tarín,ESP,DF,Oviedo,26,1996,13,13,1142,12.7,0,0,0,0,0,5,0,0.0,0.0,0.0,0.0,0.0,34
997,Heriberto Tavares,POR,"MF,FW",Ponferradina,25,1997,10,3,284,3.2,0,0,0,0,0,2,0,0.0,0.0,0.0,0.0,0.0,35
998,Sergio Tejera,ESP,MF,Cartagena,32,1990,6,1,156,1.7,0,0,0,0,0,2,0,0.0,0.0,0.0,0.0,0.0,24
999,Álvaro Tejero,ESP,DF,Eibar,26,1996,15,13,1210,13.4,1,1,1,0,0,2,0,0.07,0.07,0.15,0.07,0.15,26
1000,Nahuel Tenaglia,ARG,DF,Alaves,26,1996,10,9,814,9.0,2,0,2,0,0,2,0,0.22,0.0,0.22,0.22,0.22,20
1001,Teto,ESP,MF,Tenerife,20,2001,15,9,869,9.7,1,0,1,0,0,2,0,0.1,0.0,0.1,0.1,0.1,38
1002,Idrissa Thiam,MTN,FW,Lugo,22,2000,5,1,132,1.5,0,1,0,0,0,0,0,0.0,0.68,0.68,0.0,0.68,32
1003,Fausto Tienza,ESP,MF,Racing Sant,32,1990,12,8,670,7.4,0,0,0,0,0,3,0,0.0,0.0,0.0,0.0,0.0,36
1004,David Timor,ESP,"MF,DF",Huesca,33,1989,15,12,1064,11.8,0,0,0,0,0,4,0,0.0,0.0,0.0,0.0,0.0,28
1005,Pablo Tomeo,ESP,MF,Huesca,22,2000,12,7,699,7.8,0,0,0,0,0,3,0,0.0,0.0,0.0,0.0,0.0,28
1006,Liberman Torres,ECU,MF,Villarreal B,20,2002,2,1,69,0.8,0,0,0,0,0,0,0,0.0,0.0,0.0,0.0,0.0,40
1007,Xavi Torres,ESP,"MF,DF",Lugo,35,1986,13,12,1050,11.7,0,0,0,0,0,5,0,0.0,0.0,0.0,0.0,0.0,32
1008,Angel Troncho,ESP,MF,Eibar,20,2002,5,1,145,1.6,0,0,0,0,0,1,0,0.0,0.0,0.0,0.0,0.0,26
1009,Iker Undabarrena,ESP,MF,Leganes,27,1995,12,12,973,10.8,0,1,0,0,0,1,0,0.0,0.09,0.09,0.0,0.09,30
1010,Myrto Uzuni,ALB,MF,Granada,27,1995,14,12,992,11.0,8,1,6,2,2,3,0,0.73,0.09,0.82,0.54,0.64,27
1011,Valentín Vada,ARG,"MF,FW",Zaragoza,26,1996,15,12,1015,11.3,2,1,2,0,0,4,0,0.18,0.09,0.27,0.18,0.27,41
1012,Álvaro Vadillo,ESP,"FW,MF",Eibar,28,1994,5,0,49,0.5,0,0,0,0,0,1,0,0.0,0.0,0.0,0.0,0.0,26
1013,Pablo Valcarce,ESP,"MF,FW",Burgos,29,1993,14,11,842,9.4,0,2,0,0,0,3,0,0.0,0.21,0.21,0.0,0.21,23
1014,Eugeni Valderrama,ESP,"MF,FW",Zaragoza,28,1994,7,2,213,2.4,0,0,0,0,0,1,0,0.0,0.0,0.0,0.0,0.0,41
1015,Gerard Valentín,ESP,MF,Huesca,29,1993,15,6,674,7.5,1,2,1,0,0,3,0,0.13,0.27,0.4,0.13,0.4,28
1016,Pol Valentín,ESP,DF,Sporting Gijon,25,1997,11,3,380,4.2,0,1,0,0,0,1,0,0.0,0.24,0.24,0.0,0.24,37
1017,Germán Valera,ESP,FW,Andorra,20,2002,12,8,655,7.3,2,0,2,0,0,0,0,0.27,0.0,0.27,0.27,0.27,22
1018,Borja Valle,ESP,"MF,FW",Cartagena,30,1992,13,9,710,7.9,2,0,2,0,0,2,0,0.25,0.0,0.25,0.25,0.25,24
1019,Hugo Vallejo,ESP,MF,Ponferradina,22,2000,10,4,391,4.3,0,0,0,0,0,2,0,0.0,0.0,0.0,0.0,0.0,35
1020,Álvaro Vallés,ESP,GK,Las Palmas,25,1997,15,15,1350,15.0,0,0,0,0,0,0,0,0.0,0.0,0.0,0.0,0.0,29
1021,José Luis García Vayá,ESP,MF,Levante,24,1998,13,12,1040,11.6,0,1,0,0,0,5,1,0.0,0.09,0.09,0.0,0.09,31
1022,Javier Vázquez López,ESP,DF,UD Ibiza,22,2000,11,7,607,6.7,0,0,0,0,0,2,0,0.0,0.0,0.0,0.0,0.0,39
1023,Pablo Vázquez,ESP,DF,Cartagena,28,1994,8,8,646,7.2,0,1,0,0,0,3,1,0.0,0.14,0.14,0.0,0.14,24
1024,Frederico Venâncio,POR,DF,Eibar,29,1993,9,6,634,7.0,1,0,1,0,0,3,1,0.14,0.0,0.14,0.14,0.14,26
1025,Rúben Vezo,POR,DF,Levante,28,1994,13,13,1110,12.3,0,0,0,0,0,5,0,0.0,0.0,0.0,0.0,0.0,31
1026,Iñigo Vicente,ESP,MF,Racing Sant,24,1998,15,12,917,10.2,1,1,1,0,1,1,0,0.1,0.1,0.2,0.1,0.2,36
1027,Fede Vico,ESP,"MF,FW",Leganes,28,1994,15,6,654,7.3,1,1,0,1,1,2,1,0.14,0.14,0.28,0.0,0.14,30
1028,Daniel Vidal,ESP,MF,Lugo,22,2000,1,0,1,0.0,0,0,0,0,0,0,0,0.0,0.0,0.0,0.0,0.0,32
1029,Jonathan Viera,ESP,"MF,FW",Las Palmas,33,1989,12,9,886,9.8,3,2,2,1,1,2,0,0.3,0.2,0.51,0.2,0.41,29
1030,Martí Vilà,ESP,DF,Andorra,23,1999,13,11,912,10.1,0,0,0,0,0,2,0,0.0,0.0,0.0,0.0,0.0,22
1031,Adrià Vilanova,ESP,DF,Andorra,25,1997,12,9,847,9.4,0,1,0,0,0,1,0,0.0,0.11,0.11,0.0,0.11,22
1032,Ignasi Vilarrasa,ESP,DF,Huesca,23,1999,10,4,432,4.8,0,0,0,0,0,0,0,0.0,0.0,0.0,0.0,0.0,28
1033,Fran Villalba,ESP,"MF,FW",Malaga,24,1998,10,7,499,5.5,0,0,0,0,0,2,0,0.0,0.0,0.0,0.0,0.0,33
1034,Juan Villar,ESP,"FW,MF",Huesca,34,1988,3,0,31,0.3,0,0,0,0,0,0,1,0.0,0.0,0.0,0.0,0.0,28
1035,Viti,ESP,MF,Oviedo,25,1997,8,6,470,5.2,0,0,0,0,0,1,0,0.0,0.0,0.0,0.0,0.0,34
1036,Vitolo,ESP,"FW,MF",Las Palmas,33,1989,4,0,64,0.7,0,0,0,0,0,0,0,0.0,0.0,0.0,0.0,0.0,29
1037,Óscar Whalley,ESP,GK,Lugo,28,1994,15,15,1350,15.0,0,0,0,0,0,1,0,0.0,0.0,0.0,0.0,0.0,32
1038,Xeber,ESP,"MF,FW",Alaves,25,1997,14,11,867,9.6,2,0,2,0,0,1,1,0.21,0.0,0.21,0.21,0.21,20
1039,Rubén Yáñez,ESP,GK,Malaga,29,1993,2,2,180,2.0,0,0,0,0,0,0,0,0.0,0.0,0.0,0.0,0.0,33
1040,Yoel,ESP,GK,Eibar,34,1988,11,11,990,11.0,0,0,0,0,0,0,0,0.0,0.0,0.0,0.0,0.0,26
1041,Míchel Zabaco,ESP,DF,Burgos,33,1989,6,4,355,3.9,0,0,0,0,0,0,0,0.0,0.0,0.0,0.0,0.0,23
1042,Alberto Zapater,ESP,MF,Zaragoza,37,1985,7,1,147,1.6,1,0,1,0,0,2,0,0.61,0.0,0.61,0.61,0.61,41
1043,Jorge Zarfino,URU,"MF,FW",Sporting Gijon,31,1991,15,13,1136,12.6,2,2,2,0,0,1,0,0.16,0.16,0.32,0.16,0.32,37
1044,Ekain Zenitagoia,ESP,FW,UD Ibiza,28,1994,14,10,896,10.0,2,2,1,1,1,2,0,0.2,0.2,0.4,0.1,0.3,39
1045,Luca Zidane,FRA,GK,Eibar,24,1998,4,4,360,4.0,0,0,0,0,0,0,0,0.0,0.0,0.0,0.0,0.0,26
1046,Elady Zorrilla,ESP,"FW,MF",Tenerife,32,1990,3,0,79,0.9,1,0,0,1,1,0,0,1.14,0.0,1.14,0.0,0.0,38
1047,Loren Zúñiga,ESP,FW,Malaga,19,2003,8,2,256,2.8,0,0,0,0,0,1,0,0.0,0.0,0.0,0.0,0.0,33
1048,Uroš Đurđević,MNE,FW,Sporting Gijon,28,1994,14,11,960,10.7,2,1,2,0,0,2,0,0.19,0.09,0.28,0.19,0.28,37
